day,campaign_id,platform,spend_cents,impressions,clicks,leads,mqls,calls_booked,closed_won_deals
2025-07-01,FB-Broad,meta,17820,12728,144,3,0,0,0
2025-07-01,google_brand_search,google,6487,1351,79,3,0,0,0
2025-07-01,google_nonbrand_growth,google,23409,4876,258,9,0,0,0
2025-07-01,meta_prospecting_founder,meta,32339,23099,225,6,0,0,0
2025-07-01,meta_retargeting_webinar,meta,9887,7062,70,0,0,0,0
2025-07-02,FB-Broad,meta,15706,11218,119,4,0,0,0
2025-07-02,google_brand_search,google,6167,1284,57,2,1,0,0
2025-07-02,google_nonbrand_growth,google,20772,4327,196,3,2,0,0
2025-07-02,meta_prospecting_founder,meta,31902,22787,242,10,1,0,0
2025-07-02,meta_retargeting_webinar,meta,9981,7129,83,2,0,0,0
2025-07-03,FB-Broad,meta,16949,12106,136,2,0,0,0
2025-07-03,google_brand_search,google,6692,1394,64,2,2,0,0
2025-07-03,google_nonbrand_growth,google,22119,4608,257,7,2,0,0
2025-07-03,meta_prospecting_founder,meta,32390,23135,287,11,4,0,0
2025-07-03,meta_retargeting_webinar,meta,8938,6384,71,6,0,0,0
2025-07-04,FB-Broad,meta,16863,12045,116,7,0,0,0
2025-07-04,google_brand_search,google,7181,1496,83,4,2,0,0
2025-07-04,google_nonbrand_growth,google,24475,5098,278,3,1,0,0
2025-07-04,meta_prospecting_founder,meta,33928,24234,292,11,1,0,0
2025-07-04,meta_retargeting_webinar,meta,9804,7002,70,0,1,0,0
2025-07-05,FB-Broad,meta,17272,12337,155,2,2,0,0
2025-07-05,google_brand_search,google,7281,1516,72,3,1,1,0
2025-07-05,google_nonbrand_growth,google,22468,4680,224,1,2,0,0
2025-07-05,meta_prospecting_founder,meta,30879,22056,262,6,1,0,0
2025-07-05,meta_retargeting_webinar,meta,9745,6960,70,2,1,0,0
2025-07-06,FB-Broad,meta,18110,12935,134,5,0,1,0
2025-07-06,google_brand_search,google,7478,1557,82,2,0,1,0
2025-07-06,google_nonbrand_growth,google,21117,4399,235,5,0,0,0
2025-07-06,meta_prospecting_founder,meta,32133,22952,279,7,1,1,0
2025-07-06,meta_retargeting_webinar,meta,9438,6741,72,4,2,0,0
2025-07-07,FB-Broad,meta,15100,10785,130,4,1,0,0
2025-07-07,google_brand_search,google,6883,1433,77,2,3,0,0
2025-07-07,google_nonbrand_growth,google,21775,4536,247,3,1,0,0
2025-07-07,meta_prospecting_founder,meta,30309,21649,202,5,1,0,0
2025-07-07,meta_retargeting_webinar,meta,10109,7220,67,3,1,0,0
2025-07-08,FB-Broad,meta,18070,12907,133,6,0,0,0
2025-07-08,google_brand_search,google,6676,1390,74,2,1,1,0
2025-07-08,google_nonbrand_growth,google,20628,4297,233,5,3,0,0
2025-07-08,meta_prospecting_founder,meta,33136,23668,269,10,1,0,0
2025-07-08,meta_retargeting_webinar,meta,10180,7271,85,8,0,2,0
2025-07-09,FB-Broad,meta,18255,13039,128,9,1,1,0
2025-07-09,google_brand_search,google,7212,1502,85,3,2,0,0
2025-07-09,google_nonbrand_growth,google,24558,5116,253,7,0,0,0
2025-07-09,meta_prospecting_founder,meta,34532,24665,308,8,3,0,0
2025-07-09,meta_retargeting_webinar,meta,9436,6740,69,2,2,1,0
2025-07-10,FB-Broad,meta,17284,12345,123,5,2,0,0
2025-07-10,google_brand_search,google,6191,1289,76,2,1,0,0
2025-07-10,google_nonbrand_growth,google,20874,4348,241,10,1,1,0
2025-07-10,meta_prospecting_founder,meta,30856,22040,241,9,0,1,0
2025-07-10,meta_retargeting_webinar,meta,9788,6991,81,2,0,0,0
2025-07-11,FB-Broad,meta,15701,11215,141,7,0,0,0
2025-07-11,google_brand_search,google,7435,1548,75,4,2,1,0
2025-07-11,google_nonbrand_growth,google,21288,4435,246,1,1,2,0
2025-07-11,meta_prospecting_founder,meta,32913,23509,285,9,2,2,0
2025-07-11,meta_retargeting_webinar,meta,8616,6154,59,3,1,1,0
2025-07-12,FB-Broad,meta,16789,11992,145,2,1,0,0
2025-07-12,google_brand_search,google,7331,1527,84,0,0,1,0
2025-07-12,google_nonbrand_growth,google,24095,5019,262,2,2,0,0
2025-07-12,meta_prospecting_founder,meta,32235,23025,246,7,4,1,0
2025-07-12,meta_retargeting_webinar,meta,8965,6403,69,3,0,0,0
2025-07-13,FB-Broad,meta,18106,12932,143,3,1,0,0
2025-07-13,google_brand_search,google,7398,1541,92,3,3,0,0
2025-07-13,google_nonbrand_growth,google,20916,4357,238,0,2,1,0
2025-07-13,meta_prospecting_founder,meta,29657,21183,244,4,2,0,0
2025-07-13,meta_retargeting_webinar,meta,10244,7317,89,1,0,1,0
2025-07-14,FB-Broad,meta,16727,11947,121,7,0,1,0
2025-07-14,google_brand_search,google,6608,1376,63,5,0,0,0
2025-07-14,google_nonbrand_growth,google,21342,4446,200,3,0,1,0
2025-07-14,meta_prospecting_founder,meta,31829,22735,270,7,2,1,0
2025-07-14,meta_retargeting_webinar,meta,9996,7140,77,5,1,0,0
2025-07-15,FB-Broad,meta,18187,12990,157,7,1,0,0
2025-07-15,google_brand_search,google,7103,1479,79,5,0,0,0
2025-07-15,google_nonbrand_growth,google,22194,4623,227,6,0,0,0
2025-07-15,meta_prospecting_founder,meta,33110,23650,276,8,0,1,0
2025-07-15,meta_retargeting_webinar,meta,9761,6972,81,8,3,1,0
2025-07-16,FB-Broad,meta,15183,10845,112,4,1,1,0
2025-07-16,google_brand_search,google,6537,1361,78,6,0,1,1
2025-07-16,google_nonbrand_growth,google,24390,5081,249,4,0,0,0
2025-07-16,meta_prospecting_founder,meta,34805,24860,277,12,3,0,0
2025-07-16,meta_retargeting_webinar,meta,8955,6396,61,3,2,1,0
2025-07-17,FB-Broad,meta,15221,10872,107,7,1,1,0
2025-07-17,google_brand_search,google,7287,1518,78,3,4,1,0
2025-07-17,google_nonbrand_growth,google,22429,4672,211,5,1,0,0
2025-07-17,meta_prospecting_founder,meta,31592,22565,280,10,1,0,1
2025-07-17,meta_retargeting_webinar,meta,9454,6752,79,4,1,0,1
2025-07-18,FB-Broad,meta,17947,12819,132,4,0,0,0
2025-07-18,google_brand_search,google,6447,1343,67,4,3,1,0
2025-07-18,google_nonbrand_growth,google,23247,4843,273,2,2,0,0
2025-07-18,meta_prospecting_founder,meta,31449,22463,274,8,1,0,0
2025-07-18,meta_retargeting_webinar,meta,9515,6796,84,5,0,2,0
2025-07-19,FB-Broad,meta,17168,12262,124,2,0,0,0
2025-07-19,google_brand_search,google,6420,1337,75,0,1,0,0
2025-07-19,google_nonbrand_growth,google,22272,4640,224,1,0,0,0
2025-07-19,meta_prospecting_founder,meta,30598,21855,232,4,5,1,0
2025-07-19,meta_retargeting_webinar,meta,8489,6063,67,2,2,0,0
2025-07-20,FB-Broad,meta,16593,11852,114,7,0,0,0
2025-07-20,google_brand_search,google,7304,1521,68,1,0,0,0
2025-07-20,google_nonbrand_growth,google,22963,4783,222,7,1,2,0
2025-07-20,meta_prospecting_founder,meta,32727,23376,249,4,2,0,0
2025-07-20,meta_retargeting_webinar,meta,8823,6302,78,1,2,0,0
2025-07-21,FB-Broad,meta,17751,12679,130,3,1,0,0
2025-07-21,google_brand_search,google,6448,1343,76,5,1,1,0
2025-07-21,google_nonbrand_growth,google,22293,4644,245,4,1,0,0
2025-07-21,meta_prospecting_founder,meta,29731,21236,261,9,2,1,0
2025-07-21,meta_retargeting_webinar,meta,8685,6203,60,3,2,0,0
2025-07-22,FB-Broad,meta,18006,12861,135,5,2,1,0
2025-07-22,google_brand_search,google,7063,1471,69,1,1,0,0
2025-07-22,google_nonbrand_growth,google,21524,4484,223,4,1,0,0
2025-07-22,meta_prospecting_founder,meta,33159,23685,295,8,0,2,0
2025-07-22,meta_retargeting_webinar,meta,8711,6222,61,5,2,0,0
2025-07-23,FB-Broad,meta,17570,12549,139,6,0,0,0
2025-07-23,google_brand_search,google,6861,1429,74,2,1,1,1
2025-07-23,google_nonbrand_growth,google,21993,4581,249,5,1,0,0
2025-07-23,meta_prospecting_founder,meta,34260,24471,304,9,2,2,0
2025-07-23,meta_retargeting_webinar,meta,8806,6290,79,2,0,1,0
2025-07-24,FB-Broad,meta,15581,11129,128,3,2,1,0
2025-07-24,google_brand_search,google,6177,1286,67,2,3,1,0
2025-07-24,google_nonbrand_growth,google,24783,5163,273,7,1,0,0
2025-07-24,meta_prospecting_founder,meta,33736,24097,279,16,0,1,0
2025-07-24,meta_retargeting_webinar,meta,8638,6170,58,4,1,0,0
2025-07-25,FB-Broad,meta,16548,11819,111,6,2,0,0
2025-07-25,google_brand_search,google,6166,1284,61,0,1,0,0
2025-07-25,google_nonbrand_growth,google,23403,4875,234,3,0,0,0
2025-07-25,meta_prospecting_founder,meta,29420,21014,197,4,1,0,0
2025-07-25,meta_retargeting_webinar,meta,8585,6132,60,2,0,0,0
2025-07-26,FB-Broad,meta,17813,12723,134,4,1,0,0
2025-07-26,google_brand_search,google,6221,1296,70,1,1,0,0
2025-07-26,google_nonbrand_growth,google,23693,4936,294,3,2,2,0
2025-07-26,meta_prospecting_founder,meta,30330,21664,203,9,4,0,0
2025-07-26,meta_retargeting_webinar,meta,9275,6625,63,2,2,0,0
2025-07-27,FB-Broad,meta,16496,11782,110,2,0,1,0
2025-07-27,google_brand_search,google,6721,1400,63,2,0,0,0
2025-07-27,google_nonbrand_growth,google,23880,4975,258,2,2,2,0
2025-07-27,meta_prospecting_founder,meta,35424,25302,246,10,1,0,0
2025-07-27,meta_retargeting_webinar,meta,8867,6333,73,4,1,0,0
2025-07-28,FB-Broad,meta,18097,12926,144,3,2,1,0
2025-07-28,google_brand_search,google,7484,1559,79,4,2,0,1
2025-07-28,google_nonbrand_growth,google,20969,4368,220,2,1,0,0
2025-07-28,meta_prospecting_founder,meta,34399,24570,279,8,1,3,0
2025-07-28,meta_retargeting_webinar,meta,8562,6115,60,5,1,0,0
2025-07-29,FB-Broad,meta,16800,12000,142,5,1,0,0
2025-07-29,google_brand_search,google,6477,1349,73,2,1,2,0
2025-07-29,google_nonbrand_growth,google,20818,4337,193,3,0,0,0
2025-07-29,meta_prospecting_founder,meta,32550,23250,221,8,4,1,0
2025-07-29,meta_retargeting_webinar,meta,8437,6026,65,4,2,1,0
2025-07-30,FB-Broad,meta,15520,11085,135,4,0,0,0
2025-07-30,google_brand_search,google,7388,1539,71,2,2,0,0
2025-07-30,google_nonbrand_growth,google,22910,4772,245,2,1,1,0
2025-07-30,meta_prospecting_founder,meta,32611,23293,273,9,2,0,0
2025-07-30,meta_retargeting_webinar,meta,9214,6581,72,2,1,0,0
2025-07-31,FB-Broad,meta,16122,11515,145,1,1,0,0
2025-07-31,google_brand_search,google,6567,1368,68,1,0,1,0
2025-07-31,google_nonbrand_growth,google,23040,4800,272,2,1,0,0
2025-07-31,meta_prospecting_founder,meta,32848,23462,223,5,5,1,0
2025-07-31,meta_retargeting_webinar,meta,8931,6379,68,3,0,0,0
2025-08-01,FB-Broad,meta,16818,12012,147,1,0,0,0
2025-08-01,google_brand_search,google,7085,1476,81,2,2,0,0
2025-08-01,google_nonbrand_growth,google,24024,5005,278,0,3,0,0
2025-08-01,meta_prospecting_founder,meta,29168,20834,218,11,1,0,0
2025-08-01,meta_retargeting_webinar,meta,8794,6281,61,4,1,1,0
2025-08-02,FB-Broad,meta,17232,12308,133,0,0,0,0
2025-08-02,google_brand_search,google,6497,1353,71,3,0,1,2
2025-08-02,google_nonbrand_growth,google,22034,4590,248,3,0,0,0
2025-08-02,meta_prospecting_founder,meta,32913,23509,262,9,3,1,0
2025-08-02,meta_retargeting_webinar,meta,9068,6477,63,3,1,0,0
2025-08-03,FB-Broad,meta,17317,12369,139,3,0,0,0
2025-08-03,google_brand_search,google,6951,1448,77,1,0,1,0
2025-08-03,google_nonbrand_growth,google,22024,4588,238,3,2,1,0
2025-08-03,meta_prospecting_founder,meta,32319,23085,291,5,1,0,0
2025-08-03,meta_retargeting_webinar,meta,9406,6718,69,2,1,0,0
2025-08-04,FB-Broad,meta,16507,11790,124,5,2,0,0
2025-08-04,google_brand_search,google,7140,1487,77,5,0,1,0
2025-08-04,google_nonbrand_growth,google,24525,5109,228,8,1,1,0
2025-08-04,meta_prospecting_founder,meta,35371,25264,285,6,5,1,0
2025-08-04,meta_retargeting_webinar,meta,8808,6291,64,1,2,1,1
2025-08-05,FB-Broad,meta,15173,10837,118,4,1,0,0
2025-08-05,google_brand_search,google,6833,1423,83,3,3,0,0
2025-08-05,google_nonbrand_growth,google,22685,4726,210,5,1,1,2
2025-08-05,meta_prospecting_founder,meta,31818,22727,238,8,0,3,0
2025-08-05,meta_retargeting_webinar,meta,9635,6882,84,6,4,0,0
2025-08-06,FB-Broad,meta,16097,11497,112,3,2,0,0
2025-08-06,google_brand_search,google,6635,1382,71,6,0,0,0
2025-08-06,google_nonbrand_growth,google,21423,4463,252,2,2,0,0
2025-08-06,meta_prospecting_founder,meta,29810,21292,239,15,6,3,1
2025-08-06,meta_retargeting_webinar,meta,9769,6977,84,3,2,2,0
2025-08-07,FB-Broad,meta,17667,12619,158,7,2,1,0
2025-08-07,google_brand_search,google,7413,1544,77,8,2,0,0
2025-08-07,google_nonbrand_growth,google,22525,4692,217,3,2,0,0
2025-08-07,meta_prospecting_founder,meta,32864,23474,220,9,4,0,0
2025-08-07,meta_retargeting_webinar,meta,10239,7313,79,3,2,0,0
2025-08-08,FB-Broad,meta,18104,12931,132,4,1,1,0
2025-08-08,google_brand_search,google,6525,1359,79,3,4,1,0
2025-08-08,google_nonbrand_growth,google,21899,4562,264,2,1,0,0
2025-08-08,meta_prospecting_founder,meta,33966,24261,240,7,2,0,0
2025-08-08,meta_retargeting_webinar,meta,8492,6065,61,4,1,3,0
2025-08-09,FB-Broad,meta,16789,11992,118,2,1,1,0
2025-08-09,google_brand_search,google,7370,1535,69,3,1,2,0
2025-08-09,google_nonbrand_growth,google,22029,4589,205,2,0,2,0
2025-08-09,meta_prospecting_founder,meta,29248,20891,240,7,1,3,0
2025-08-09,meta_retargeting_webinar,meta,9213,6580,76,1,1,0,0
2025-08-10,FB-Broad,meta,16258,11612,122,2,2,1,0
2025-08-10,google_brand_search,google,6807,1418,68,2,1,0,0
2025-08-10,google_nonbrand_growth,google,20296,4228,220,3,1,1,0
2025-08-10,meta_prospecting_founder,meta,31187,22276,248,8,0,0,0
2025-08-10,meta_retargeting_webinar,meta,8543,6102,75,5,0,1,0
2025-08-11,FB-Broad,meta,17184,12274,144,6,1,1,0
2025-08-11,google_brand_search,google,6624,1380,62,8,1,0,0
2025-08-11,google_nonbrand_growth,google,20500,4270,252,3,0,0,0
2025-08-11,meta_prospecting_founder,meta,33115,23653,226,10,0,1,0
2025-08-11,meta_retargeting_webinar,meta,9430,6735,82,4,1,1,0
2025-08-12,FB-Broad,meta,17605,12575,124,9,0,1,0
2025-08-12,google_brand_search,google,6203,1292,66,1,2,1,0
2025-08-12,google_nonbrand_growth,google,23879,4974,243,1,0,0,0
2025-08-12,meta_prospecting_founder,meta,35616,25440,279,7,3,0,0
2025-08-12,meta_retargeting_webinar,meta,9622,6872,80,1,2,0,0
2025-08-13,FB-Broad,meta,16243,11602,113,6,2,2,0
2025-08-13,google_brand_search,google,7224,1505,78,2,1,0,0
2025-08-13,google_nonbrand_growth,google,21128,4401,229,4,0,0,0
2025-08-13,meta_prospecting_founder,meta,34842,24887,269,8,4,1,0
2025-08-13,meta_retargeting_webinar,meta,9433,6737,84,4,0,1,0
2025-08-14,FB-Broad,meta,17326,12375,141,3,1,1,0
2025-08-14,google_brand_search,google,6233,1298,73,1,2,1,0
2025-08-14,google_nonbrand_growth,google,21968,4576,206,0,3,0,0
2025-08-14,meta_prospecting_founder,meta,30691,21922,221,5,2,1,0
2025-08-14,meta_retargeting_webinar,meta,9874,7052,72,0,2,0,1
2025-08-15,FB-Broad,meta,17801,12715,157,5,2,0,0
2025-08-15,google_brand_search,google,6867,1430,79,3,4,1,0
2025-08-15,google_nonbrand_growth,google,24513,5106,293,3,2,1,0
2025-08-15,meta_prospecting_founder,meta,35281,25200,289,4,2,1,0
2025-08-15,meta_retargeting_webinar,meta,9419,6727,76,0,1,0,0
2025-08-16,FB-Broad,meta,15173,10837,105,1,0,0,0
2025-08-16,google_brand_search,google,7061,1471,87,1,0,2,0
2025-08-16,google_nonbrand_growth,google,23385,4871,228,0,0,2,0
2025-08-16,meta_prospecting_founder,meta,34257,24469,304,6,2,0,0
2025-08-16,meta_retargeting_webinar,meta,10259,7327,84,4,0,1,0
2025-08-17,FB-Broad,meta,17339,12385,119,1,1,1,0
2025-08-17,google_brand_search,google,7047,1468,74,1,2,1,1
2025-08-17,google_nonbrand_growth,google,23785,4955,289,3,1,0,2
2025-08-17,meta_prospecting_founder,meta,30965,22117,277,5,1,4,0
2025-08-17,meta_retargeting_webinar,meta,8796,6282,66,1,1,0,0
2025-08-18,FB-Broad,meta,15409,11006,138,3,1,0,0
2025-08-18,google_brand_search,google,6721,1400,75,1,0,0,0
2025-08-18,google_nonbrand_growth,google,21534,4486,241,7,0,0,0
2025-08-18,meta_prospecting_founder,meta,33438,23884,293,11,2,2,0
2025-08-18,meta_retargeting_webinar,meta,8377,5983,62,3,0,1,0
2025-08-19,FB-Broad,meta,16705,11932,120,5,0,0,0
2025-08-19,google_brand_search,google,7017,1461,68,2,1,1,1
2025-08-19,google_nonbrand_growth,google,20994,4373,205,1,2,0,0
2025-08-19,meta_prospecting_founder,meta,32345,23103,242,6,1,1,0
2025-08-19,meta_retargeting_webinar,meta,8428,6020,70,4,3,0,0
2025-08-20,FB-Broad,meta,15794,11281,130,2,0,1,0
2025-08-20,google_brand_search,google,6622,1379,68,0,1,1,0
2025-08-20,google_nonbrand_growth,google,23294,4852,262,5,2,0,0
2025-08-20,meta_prospecting_founder,meta,35519,25370,247,9,3,0,0
2025-08-20,meta_retargeting_webinar,meta,9708,6934,77,5,2,0,0
2025-08-21,FB-Broad,meta,15879,11342,116,6,0,0,1
2025-08-21,google_brand_search,google,6520,1358,68,2,0,1,0
2025-08-21,google_nonbrand_growth,google,24300,5062,269,6,1,1,0
2025-08-21,meta_prospecting_founder,meta,32816,23440,234,7,0,0,0
2025-08-21,meta_retargeting_webinar,meta,8975,6410,67,3,1,1,1
2025-08-22,FB-Broad,meta,16739,11956,116,6,0,0,1
2025-08-22,google_brand_search,google,6661,1387,62,3,2,1,0
2025-08-22,google_nonbrand_growth,google,22717,4732,282,4,1,0,0
2025-08-22,meta_prospecting_founder,meta,30388,21705,241,1,3,2,1
2025-08-22,meta_retargeting_webinar,meta,8642,6172,69,2,2,1,0
2025-08-23,FB-Broad,meta,16517,11797,129,3,0,0,0
2025-08-23,google_brand_search,google,6471,1348,69,2,1,0,0
2025-08-23,google_nonbrand_growth,google,24444,5092,294,1,0,2,0
2025-08-23,meta_prospecting_founder,meta,33965,24260,300,4,2,0,0
2025-08-23,meta_retargeting_webinar,meta,9048,6462,68,1,0,1,0
2025-08-24,FB-Broad,meta,18109,12935,142,5,1,0,0
2025-08-24,google_brand_search,google,7189,1497,72,3,1,0,0
2025-08-24,google_nonbrand_growth,google,21823,4546,205,2,2,1,0
2025-08-24,meta_prospecting_founder,meta,33722,24087,261,8,0,1,0
2025-08-24,meta_retargeting_webinar,meta,8617,6155,58,1,0,0,0
2025-08-25,FB-Broad,meta,16657,11897,134,3,0,0,0
2025-08-25,google_brand_search,google,6564,1367,76,1,0,1,2
2025-08-25,google_nonbrand_growth,google,24334,5069,278,3,0,0,0
2025-08-25,meta_prospecting_founder,meta,31299,22356,218,8,1,1,0
2025-08-25,meta_retargeting_webinar,meta,8528,6091,66,4,0,1,0
2025-08-26,FB-Broad,meta,15094,10781,123,4,2,1,0
2025-08-26,google_brand_search,google,6196,1290,64,2,3,0,0
2025-08-26,google_nonbrand_growth,google,21562,4492,205,4,0,1,0
2025-08-26,meta_prospecting_founder,meta,30585,21846,205,12,1,1,2
2025-08-26,meta_retargeting_webinar,meta,10103,7216,70,4,1,0,0
2025-08-27,FB-Broad,meta,15977,11412,136,4,1,1,0
2025-08-27,google_brand_search,google,7320,1525,71,3,3,0,0
2025-08-27,google_nonbrand_growth,google,23150,4822,278,7,3,0,0
2025-08-27,meta_prospecting_founder,meta,33284,23774,272,12,3,0,0
2025-08-27,meta_retargeting_webinar,meta,9869,7049,78,3,1,0,1
2025-08-28,FB-Broad,meta,17094,12209,145,3,0,1,0
2025-08-28,google_brand_search,google,7209,1501,84,1,2,1,0
2025-08-28,google_nonbrand_growth,google,22453,4677,215,2,2,1,0
2025-08-28,meta_prospecting_founder,meta,32789,23420,284,8,3,1,0
2025-08-28,meta_retargeting_webinar,meta,8511,6079,75,1,3,0,0
2025-08-29,FB-Broad,meta,15243,10887,129,2,0,0,1
2025-08-29,google_brand_search,google,6349,1322,68,0,0,0,1
2025-08-29,google_nonbrand_growth,google,20362,4242,189,0,2,0,1
2025-08-29,meta_prospecting_founder,meta,29384,20988,216,8,5,1,0
2025-08-29,meta_retargeting_webinar,meta,8761,6257,77,4,0,0,0
2025-08-30,FB-Broad,meta,18016,12868,161,1,1,1,0
2025-08-30,google_brand_search,google,6199,1291,59,1,0,2,0
2025-08-30,google_nonbrand_growth,google,21202,4417,195,1,0,2,0
2025-08-30,meta_prospecting_founder,meta,33359,23827,227,7,1,0,1
2025-08-30,meta_retargeting_webinar,meta,9152,6537,68,2,0,2,0
2025-08-31,FB-Broad,meta,17365,12403,117,1,0,0,0
2025-08-31,google_brand_search,google,7128,1485,74,1,0,1,0
2025-08-31,google_nonbrand_growth,google,20800,4333,230,6,1,0,0
2025-08-31,meta_prospecting_founder,meta,33601,24000,292,5,2,0,0
2025-08-31,meta_retargeting_webinar,meta,9223,6587,67,2,2,0,0
2025-09-01,FB-Broad,meta,16999,12142,135,4,0,0,0
2025-09-01,google_brand_search,google,6521,1358,68,3,1,1,0
2025-09-01,google_nonbrand_growth,google,24243,5050,261,2,0,0,0
2025-09-01,meta_prospecting_founder,meta,31292,22351,225,8,1,1,0
2025-09-01,meta_retargeting_webinar,meta,9652,6894,69,1,1,1,1
2025-09-02,FB-Broad,meta,15497,11069,138,7,0,0,0
2025-09-02,google_brand_search,google,6811,1418,75,4,2,0,0
2025-09-02,google_nonbrand_growth,google,20980,4370,237,1,2,1,0
2025-09-02,meta_prospecting_founder,meta,34257,24469,308,10,3,1,0
2025-09-02,meta_retargeting_webinar,meta,9672,6908,84,3,1,0,0
2025-09-03,FB-Broad,meta,16128,11520,134,3,1,0,0
2025-09-03,google_brand_search,google,7246,1509,84,3,3,0,0
2025-09-03,google_nonbrand_growth,google,21729,4526,248,2,1,2,0
2025-09-03,meta_prospecting_founder,meta,29165,20832,240,4,2,1,2
2025-09-03,meta_retargeting_webinar,meta,9355,6682,62,5,0,1,0
2025-09-04,FB-Broad,meta,16039,11456,133,2,1,0,0
2025-09-04,google_brand_search,google,7372,1535,87,2,1,1,0
2025-09-04,google_nonbrand_growth,google,22905,4771,233,6,2,0,0
2025-09-04,meta_prospecting_founder,meta,30732,21951,219,12,1,3,0
2025-09-04,meta_retargeting_webinar,meta,9980,7128,76,2,1,0,0
2025-09-05,FB-Broad,meta,16957,12112,115,0,1,0,1
2025-09-05,google_brand_search,google,6611,1377,78,3,2,0,0
2025-09-05,google_nonbrand_growth,google,22806,4751,231,3,1,1,0
2025-09-05,meta_prospecting_founder,meta,30470,21764,224,4,2,0,0
2025-09-05,meta_retargeting_webinar,meta,8705,6217,71,5,1,0,0
2025-09-06,FB-Broad,meta,17434,12452,148,5,1,1,0
2025-09-06,google_brand_search,google,6189,1289,63,2,1,0,0
2025-09-06,google_nonbrand_growth,google,21265,4430,232,2,1,0,0
2025-09-06,meta_prospecting_founder,meta,32000,22857,246,9,1,1,0
2025-09-06,meta_retargeting_webinar,meta,8804,6288,64,3,2,1,0
2025-09-07,FB-Broad,meta,15292,10922,115,1,1,1,0
2025-09-07,google_brand_search,google,6491,1352,80,1,0,0,0
2025-09-07,google_nonbrand_growth,google,24370,5077,226,3,1,2,0
2025-09-07,meta_prospecting_founder,meta,30713,21937,265,7,1,1,1
2025-09-07,meta_retargeting_webinar,meta,9404,6717,64,3,0,0,1
2025-09-08,FB-Broad,meta,15603,11145,138,6,0,0,0
2025-09-08,google_brand_search,google,7436,1549,79,3,0,0,2
2025-09-08,google_nonbrand_growth,google,23274,4848,280,3,1,0,1
2025-09-08,meta_prospecting_founder,meta,31567,22547,233,10,2,0,1
2025-09-08,meta_retargeting_webinar,meta,9882,7058,87,4,0,0,0
2025-09-09,FB-Broad,meta,17951,12822,139,3,1,0,0
2025-09-09,google_brand_search,google,7077,1474,86,3,0,1,0
2025-09-09,google_nonbrand_growth,google,23003,4792,211,6,2,1,1
2025-09-09,meta_prospecting_founder,meta,32283,23059,241,12,2,2,0
2025-09-09,meta_retargeting_webinar,meta,8885,6346,64,2,0,0,0
2025-09-10,FB-Broad,meta,15709,11220,134,4,0,0,0
2025-09-10,google_brand_search,google,7440,1550,90,3,2,0,0
2025-09-10,google_nonbrand_growth,google,23509,4897,242,7,2,0,1
2025-09-10,meta_prospecting_founder,meta,34209,24435,256,12,4,0,0
2025-09-10,meta_retargeting_webinar,meta,9619,6870,66,3,0,0,0
2025-09-11,FB-Broad,meta,15702,11215,112,5,0,0,0
2025-09-11,google_brand_search,google,7227,1505,69,3,1,0,0
2025-09-11,google_nonbrand_growth,google,23190,4831,224,3,2,2,0
2025-09-11,meta_prospecting_founder,meta,32507,23219,260,8,0,2,1
2025-09-11,meta_retargeting_webinar,meta,8931,6379,77,3,3,0,0
2025-09-12,FB-Broad,meta,16994,12138,131,6,1,0,0
2025-09-12,google_brand_search,google,7045,1467,76,4,0,0,0
2025-09-12,google_nonbrand_growth,google,23330,4860,243,2,1,0,0
2025-09-12,meta_prospecting_founder,meta,29286,20918,222,7,2,0,0
2025-09-12,meta_retargeting_webinar,meta,9347,6676,81,4,2,0,1
2025-09-13,FB-Broad,meta,16825,12017,147,1,1,0,0
2025-09-13,google_brand_search,google,7383,1538,80,1,2,1,0
2025-09-13,google_nonbrand_growth,google,23285,4851,256,2,2,0,0
2025-09-13,meta_prospecting_founder,meta,32916,23511,229,4,1,0,0
2025-09-13,meta_retargeting_webinar,meta,8442,6030,62,2,1,0,1
2025-09-14,FB-Broad,meta,17888,12777,141,4,1,0,1
2025-09-14,google_brand_search,google,6308,1314,59,0,2,1,0
2025-09-14,google_nonbrand_growth,google,23829,4964,257,2,1,2,0
2025-09-14,meta_prospecting_founder,meta,29040,20742,261,10,2,1,0
2025-09-14,meta_retargeting_webinar,meta,9490,6778,81,2,2,1,0
2025-09-15,FB-Broad,meta,18046,12890,135,6,1,0,0
2025-09-15,google_brand_search,google,6794,1415,81,2,0,0,0
2025-09-15,google_nonbrand_growth,google,24101,5021,277,2,0,0,0
2025-09-15,meta_prospecting_founder,meta,31873,22766,272,9,0,1,0
2025-09-15,meta_retargeting_webinar,meta,9752,6965,73,4,1,0,1
2025-09-16,FB-Broad,meta,15126,10804,124,5,0,0,0
2025-09-16,google_brand_search,google,6430,1339,60,4,1,0,0
2025-09-16,google_nonbrand_growth,google,23127,4818,281,6,0,0,0
2025-09-16,meta_prospecting_founder,meta,29042,20744,223,13,2,1,0
2025-09-16,meta_retargeting_webinar,meta,10021,7157,72,2,1,2,0
2025-09-17,FB-Broad,meta,16741,11957,136,3,0,2,0
2025-09-17,google_brand_search,google,7098,1478,71,4,1,2,0
2025-09-17,google_nonbrand_growth,google,22604,4709,269,1,0,0,1
2025-09-17,meta_prospecting_founder,meta,32504,23217,276,8,1,0,1
2025-09-17,meta_retargeting_webinar,meta,9224,6588,65,2,2,0,0
2025-09-18,FB-Broad,meta,15794,11281,139,5,0,0,0
2025-09-18,google_brand_search,google,7361,1533,88,3,1,1,0
2025-09-18,google_nonbrand_growth,google,23836,4965,288,5,0,1,0
2025-09-18,meta_prospecting_founder,meta,34719,24799,307,7,2,0,0
2025-09-18,meta_retargeting_webinar,meta,8649,6177,73,1,0,2,0
2025-09-19,FB-Broad,meta,17032,12165,153,5,2,0,0
2025-09-19,google_brand_search,google,7208,1501,87,0,2,0,1
2025-09-19,google_nonbrand_growth,google,23074,4807,222,1,0,0,0
2025-09-19,meta_prospecting_founder,meta,33269,23763,227,15,1,0,0
2025-09-19,meta_retargeting_webinar,meta,10011,7150,79,6,1,0,0
2025-09-20,FB-Broad,meta,16747,11962,127,2,1,0,0
2025-09-20,google_brand_search,google,6498,1353,74,2,1,0,0
2025-09-20,google_nonbrand_growth,google,23095,4811,249,2,0,0,0
2025-09-20,meta_prospecting_founder,meta,33610,24007,239,6,2,1,0
2025-09-20,meta_retargeting_webinar,meta,8901,6357,62,5,1,0,0
2025-09-21,FB-Broad,meta,15702,11215,111,5,1,0,1
2025-09-21,google_brand_search,google,7357,1532,78,4,1,2,0
2025-09-21,google_nonbrand_growth,google,20817,4336,249,0,0,0,0
2025-09-21,meta_prospecting_founder,meta,34548,24677,235,5,3,0,0
2025-09-21,meta_retargeting_webinar,meta,10046,7175,90,4,2,0,0
2025-09-22,FB-Broad,meta,17034,12167,121,3,0,0,0
2025-09-22,google_brand_search,google,6547,1363,60,2,2,0,0
2025-09-22,google_nonbrand_growth,google,20779,4328,194,2,0,0,0
2025-09-22,meta_prospecting_founder,meta,32443,23173,225,6,1,1,0
2025-09-22,meta_retargeting_webinar,meta,9289,6635,81,3,2,1,0
2025-09-23,FB-Broad,meta,16205,11575,122,7,2,1,0
2025-09-23,google_brand_search,google,7523,1567,78,5,2,1,0
2025-09-23,google_nonbrand_growth,google,20316,4232,233,2,0,1,0
2025-09-23,meta_prospecting_founder,meta,33506,23932,269,9,2,1,1
2025-09-23,meta_retargeting_webinar,meta,9468,6762,77,5,3,1,0
2025-09-24,FB-Broad,meta,17025,12160,118,3,1,0,0
2025-09-24,google_brand_search,google,6837,1424,73,0,2,0,0
2025-09-24,google_nonbrand_growth,google,20371,4243,229,5,0,0,0
2025-09-24,meta_prospecting_founder,meta,33293,23780,259,12,1,0,1
2025-09-24,meta_retargeting_webinar,meta,9416,6725,81,4,3,1,0
2025-09-25,FB-Broad,meta,16006,11432,121,3,1,0,0
2025-09-25,google_brand_search,google,6911,1439,69,0,1,1,0
2025-09-25,google_nonbrand_growth,google,24299,5062,258,1,1,0,0
2025-09-25,meta_prospecting_founder,meta,32324,23088,237,5,0,1,0
2025-09-25,meta_retargeting_webinar,meta,10225,7303,77,3,0,1,0
2025-09-26,FB-Broad,meta,16967,12119,121,2,1,0,0
2025-09-26,google_brand_search,google,7551,1573,82,1,1,1,0
2025-09-26,google_nonbrand_growth,google,23774,4952,228,1,2,0,1
2025-09-26,meta_prospecting_founder,meta,30312,21651,245,6,2,0,0
2025-09-26,meta_retargeting_webinar,meta,8747,6247,71,4,0,1,0
2025-09-27,FB-Broad,meta,15705,11217,117,6,0,1,0
2025-09-27,google_brand_search,google,6446,1342,72,1,0,2,0
2025-09-27,google_nonbrand_growth,google,22169,4618,230,1,1,0,0
2025-09-27,meta_prospecting_founder,meta,32314,23081,233,3,3,2,0
2025-09-27,meta_retargeting_webinar,meta,10001,7143,73,3,1,1,0
2025-09-28,FB-Broad,meta,15617,11155,132,3,0,0,0
2025-09-28,google_brand_search,google,7479,1558,69,4,1,0,0
2025-09-28,google_nonbrand_growth,google,20663,4304,237,0,0,0,0
2025-09-28,meta_prospecting_founder,meta,35549,25392,243,9,1,0,0
2025-09-28,meta_retargeting_webinar,meta,9293,6637,62,3,0,0,0
2025-09-29,FB-Broad,meta,17828,12734,159,10,1,0,1
2025-09-29,google_brand_search,google,6692,1394,83,3,0,0,0
2025-09-29,google_nonbrand_growth,google,23241,4841,247,7,0,1,0
2025-09-29,meta_prospecting_founder,meta,34774,24838,292,12,1,0,1
2025-09-29,meta_retargeting_webinar,meta,10106,7218,77,1,1,0,1
2025-09-30,FB-Broad,meta,16052,11465,130,4,3,0,0
2025-09-30,google_brand_search,google,7459,1553,77,6,2,2,0
2025-09-30,google_nonbrand_growth,google,23645,4926,277,2,1,0,1
2025-09-30,meta_prospecting_founder,meta,30082,21487,251,11,2,0,0
2025-09-30,meta_retargeting_webinar,meta,8816,6297,68,5,1,0,0
2025-10-01,FB-Broad,meta,15506,11075,117,4,0,2,0
2025-10-01,google_brand_search,google,6296,1311,77,1,1,0,1
2025-10-01,google_nonbrand_growth,google,23095,4811,263,1,1,0,0
2025-10-01,linkedin_ceo_abm,linkedin,26815,5156,31,1,0,0,0
2025-10-01,meta_prospecting_founder,meta,29878,21341,225,9,4,1,0
2025-10-01,meta_retargeting_webinar,meta,9068,6477,72,1,2,0,0
2025-10-02,FB-Broad,meta,16518,11798,135,4,1,1,0
2025-10-02,google_brand_search,google,7355,1532,87,4,1,0,0
2025-10-02,google_nonbrand_growth,google,21105,4396,211,3,0,0,0
2025-10-02,linkedin_ceo_abm,linkedin,23525,4524,26,1,0,0,0
2025-10-02,meta_prospecting_founder,meta,35607,25433,277,8,0,1,0
2025-10-02,meta_retargeting_webinar,meta,8692,6208,70,3,1,1,0
2025-10-03,FB-Broad,meta,17333,12380,155,3,0,0,0
2025-10-03,google_brand_search,google,7116,1482,75,1,1,0,0
2025-10-03,google_nonbrand_growth,google,24836,5174,285,4,1,0,0
2025-10-03,linkedin_ceo_abm,linkedin,24766,4762,28,1,0,0,0
2025-10-03,meta_prospecting_founder,meta,32234,23024,243,7,4,2,0
2025-10-03,meta_retargeting_webinar,meta,9176,6554,63,4,0,0,1
2025-10-04,FB-Broad,meta,17868,12762,138,4,2,1,0
2025-10-04,google_brand_search,google,7258,1512,87,1,1,0,1
2025-10-04,google_nonbrand_growth,google,22738,4737,241,3,0,0,0
2025-10-04,linkedin_ceo_abm,linkedin,23482,4515,26,0,0,0,0
2025-10-04,meta_prospecting_founder,meta,32223,23016,242,6,1,2,0
2025-10-04,meta_retargeting_webinar,meta,9914,7081,82,1,2,0,0
2025-10-05,FB-Broad,meta,18085,12917,135,2,2,2,0
2025-10-05,google_brand_search,google,6339,1320,72,0,0,0,0
2025-10-05,google_nonbrand_growth,google,20715,4315,237,1,1,0,0
2025-10-05,linkedin_ceo_abm,linkedin,27386,5266,30,1,1,0,0
2025-10-05,meta_prospecting_founder,meta,30015,21439,209,4,2,0,0
2025-10-05,meta_retargeting_webinar,meta,9678,6912,67,2,0,0,0
2025-10-06,FB-Broad,meta,15733,11237,140,4,1,0,0
2025-10-06,google_brand_search,google,6444,1342,78,2,1,0,0
2025-10-06,google_nonbrand_growth,google,22107,4605,256,1,2,0,0
2025-10-06,linkedin_ceo_abm,linkedin,25124,4831,31,1,0,0,0
2025-10-06,meta_prospecting_founder,meta,35578,25412,245,13,0,3,0
2025-10-06,meta_retargeting_webinar,meta,9762,6972,67,0,1,0,0
2025-10-07,FB-Broad,meta,15125,10803,122,2,2,0,0
2025-10-07,google_brand_search,google,6872,1431,66,4,0,1,0
2025-10-07,google_nonbrand_growth,google,22811,4752,254,2,0,0,0
2025-10-07,linkedin_ceo_abm,linkedin,26860,5165,31,3,0,0,0
2025-10-07,meta_prospecting_founder,meta,32205,23003,247,9,2,2,0
2025-10-07,meta_retargeting_webinar,meta,9663,6902,83,4,0,0,0
2025-10-08,FB-Broad,meta,17488,12491,153,6,1,2,0
2025-10-08,google_brand_search,google,6669,1389,82,1,1,0,0
2025-10-08,google_nonbrand_growth,google,21002,4375,220,7,1,0,0
2025-10-08,linkedin_ceo_abm,linkedin,22953,4414,28,1,0,0,0
2025-10-08,meta_prospecting_founder,meta,33531,23950,257,12,2,1,1
2025-10-08,meta_retargeting_webinar,meta,10152,7251,87,3,0,3,0
2025-10-09,FB-Broad,meta,16326,11661,125,9,1,1,0
2025-10-09,google_brand_search,google,7358,1532,80,3,1,0,0
2025-10-09,google_nonbrand_growth,google,22894,4769,222,2,2,1,0
2025-10-09,linkedin_ceo_abm,linkedin,26573,5110,29,3,2,1,0
2025-10-09,meta_prospecting_founder,meta,33238,23741,228,9,3,1,0
2025-10-09,meta_retargeting_webinar,meta,9862,7044,87,2,0,0,0
2025-10-10,FB-Broad,meta,16287,11633,142,6,0,0,0
2025-10-10,google_brand_search,google,6583,1371,69,3,0,0,0
2025-10-10,google_nonbrand_growth,google,21769,4535,231,5,1,0,0
2025-10-10,linkedin_ceo_abm,linkedin,26448,5086,29,1,2,0,0
2025-10-10,meta_prospecting_founder,meta,31807,22719,283,6,3,0,0
2025-10-10,meta_retargeting_webinar,meta,9003,6430,72,1,1,0,0
2025-10-11,FB-Broad,meta,17938,12812,138,4,2,0,1
2025-10-11,google_brand_search,google,7490,1560,75,1,1,2,0
2025-10-11,google_nonbrand_growth,google,20334,4236,189,1,0,2,0
2025-10-11,linkedin_ceo_abm,linkedin,25681,4938,36,3,0,1,0
2025-10-11,meta_prospecting_founder,meta,33151,23679,256,9,3,1,0
2025-10-11,meta_retargeting_webinar,meta,10243,7316,88,2,0,0,0
2025-10-12,FB-Broad,meta,15275,10910,120,5,1,0,0
2025-10-12,google_brand_search,google,6768,1410,62,3,1,1,0
2025-10-12,google_nonbrand_growth,google,22903,4771,283,3,1,0,0
2025-10-12,linkedin_ceo_abm,linkedin,24565,4724,32,0,0,1,0
2025-10-12,meta_prospecting_founder,meta,31487,22490,235,4,2,1,0
2025-10-12,meta_retargeting_webinar,meta,10129,7235,81,1,1,0,0
2025-10-13,FB-Broad,meta,16640,11885,129,4,1,0,0
2025-10-13,google_brand_search,google,7223,1504,75,4,0,0,0
2025-10-13,google_nonbrand_growth,google,22961,4783,283,6,1,0,0
2025-10-13,linkedin_ceo_abm,linkedin,26727,5139,31,5,2,1,0
2025-10-13,meta_prospecting_founder,meta,30026,21447,209,6,1,2,0
2025-10-13,meta_retargeting_webinar,meta,8832,6308,62,2,0,1,0
2025-10-14,FB-Broad,meta,18035,12882,139,6,1,1,0
2025-10-14,google_brand_search,google,6844,1425,80,5,2,0,0
2025-10-14,google_nonbrand_growth,google,20602,4292,211,0,2,1,0
2025-10-14,linkedin_ceo_abm,linkedin,23391,4498,31,0,2,1,0
2025-10-14,meta_prospecting_founder,meta,32919,23513,256,8,1,0,0
2025-10-14,meta_retargeting_webinar,meta,9462,6758,72,3,2,0,0
2025-10-15,FB-Broad,meta,15830,11307,138,8,2,0,0
2025-10-15,google_brand_search,google,6819,1420,81,7,1,0,0
2025-10-15,google_nonbrand_growth,google,21594,4498,215,0,2,0,0
2025-10-15,linkedin_ceo_abm,linkedin,23418,4503,32,1,0,2,0
2025-10-15,meta_prospecting_founder,meta,35283,25202,296,6,2,0,0
2025-10-15,meta_retargeting_webinar,meta,10081,7200,82,5,0,0,0
2025-10-16,FB-Broad,meta,15858,11327,125,0,3,1,0
2025-10-16,google_brand_search,google,6697,1395,80,4,5,0,0
2025-10-16,google_nonbrand_growth,google,24406,5084,289,2,0,0,0
2025-10-16,linkedin_ceo_abm,linkedin,23021,4427,30,0,0,0,0
2025-10-16,meta_prospecting_founder,meta,34576,24697,311,10,4,1,0
2025-10-16,meta_retargeting_webinar,meta,8911,6365,62,0,1,1,0
2025-10-17,FB-Broad,meta,17934,12810,137,8,0,1,0
2025-10-17,google_brand_search,google,6235,1298,68,0,1,2,0
2025-10-17,google_nonbrand_growth,google,21269,4431,252,6,0,1,0
2025-10-17,linkedin_ceo_abm,linkedin,25851,4971,34,1,0,0,0
2025-10-17,meta_prospecting_founder,meta,34993,24995,276,10,2,2,0
2025-10-17,meta_retargeting_webinar,meta,9415,6725,71,3,0,0,0
2025-10-18,FB-Broad,meta,16903,12073,125,1,0,0,0
2025-10-18,google_brand_search,google,6511,1356,62,6,2,1,0
2025-10-18,google_nonbrand_growth,google,24545,5113,274,4,1,0,0
2025-10-18,linkedin_ceo_abm,linkedin,23375,4495,31,1,0,0,0
2025-10-18,meta_prospecting_founder,meta,33772,24122,303,4,2,0,0
2025-10-18,meta_retargeting_webinar,meta,9985,7132,80,3,0,0,0
2025-10-19,FB-Broad,meta,15982,11415,140,5,0,1,0
2025-10-19,google_brand_search,google,7171,1493,86,2,1,0,0
2025-10-19,google_nonbrand_growth,google,20769,4326,252,3,1,0,0
2025-10-19,linkedin_ceo_abm,linkedin,26103,5019,30,2,0,0,0
2025-10-19,meta_prospecting_founder,meta,35003,25002,262,5,4,3,0
2025-10-19,meta_retargeting_webinar,meta,8434,6024,66,2,0,0,0
2025-10-20,FB-Broad,meta,16390,11707,145,1,0,0,0
2025-10-20,google_brand_search,google,7036,1465,70,5,2,1,0
2025-10-20,google_nonbrand_growth,google,22598,4707,257,3,3,0,0
2025-10-20,linkedin_ceo_abm,linkedin,26937,5180,29,3,0,0,1
2025-10-20,meta_prospecting_founder,meta,30855,22039,256,3,2,0,0
2025-10-20,meta_retargeting_webinar,meta,9517,6797,75,4,0,0,0
2025-10-21,FB-Broad,meta,17563,12545,148,11,0,0,0
2025-10-21,google_brand_search,google,6888,1434,83,0,0,0,0
2025-10-21,google_nonbrand_growth,google,20585,4288,200,1,0,0,0
2025-10-21,linkedin_ceo_abm,linkedin,25174,4841,31,2,2,0,0
2025-10-21,meta_prospecting_founder,meta,31850,22750,249,8,2,1,0
2025-10-21,meta_retargeting_webinar,meta,9470,6764,82,3,1,1,0
2025-10-22,FB-Broad,meta,18286,13061,139,6,1,0,0
2025-10-22,google_brand_search,google,7435,1548,74,2,0,2,0
2025-10-22,google_nonbrand_growth,google,22595,4707,223,5,1,0,0
2025-10-22,linkedin_ceo_abm,linkedin,23665,4550,26,3,0,0,0
2025-10-22,meta_prospecting_founder,meta,31107,22219,259,6,1,3,1
2025-10-22,meta_retargeting_webinar,meta,10193,7280,74,4,0,0,0
2025-10-23,FB-Broad,meta,17507,12504,123,6,2,0,0
2025-10-23,google_brand_search,google,7015,1461,79,1,1,1,0
2025-10-23,google_nonbrand_growth,google,22718,4732,266,2,0,0,0
2025-10-23,linkedin_ceo_abm,linkedin,27385,5266,31,3,1,0,0
2025-10-23,meta_prospecting_founder,meta,31802,22715,222,8,3,0,1
2025-10-23,meta_retargeting_webinar,meta,9021,6443,72,0,4,0,0
2025-10-24,FB-Broad,meta,15800,11285,115,1,2,0,0
2025-10-24,google_brand_search,google,7089,1476,77,3,2,1,0
2025-10-24,google_nonbrand_growth,google,24342,5071,262,1,0,1,0
2025-10-24,linkedin_ceo_abm,linkedin,26191,5036,35,4,1,1,2
2025-10-24,meta_prospecting_founder,meta,33624,24017,252,8,2,1,0
2025-10-24,meta_retargeting_webinar,meta,9956,7111,78,3,2,0,0
2025-10-25,FB-Broad,meta,17985,12846,137,5,2,1,0
2025-10-25,google_brand_search,google,6310,1314,71,3,1,0,1
2025-10-25,google_nonbrand_growth,google,21609,4501,229,0,0,1,0
2025-10-25,linkedin_ceo_abm,linkedin,27136,5218,38,0,0,0,0
2025-10-25,meta_prospecting_founder,meta,35586,25418,280,11,0,1,1
2025-10-25,meta_retargeting_webinar,meta,9052,6465,75,1,0,0,0
2025-10-26,FB-Broad,meta,15967,11405,143,3,2,0,0
2025-10-26,google_brand_search,google,6268,1305,61,1,4,1,0
2025-10-26,google_nonbrand_growth,google,23795,4957,282,2,0,0,0
2025-10-26,linkedin_ceo_abm,linkedin,25022,4811,27,0,2,1,0
2025-10-26,meta_prospecting_founder,meta,35172,25122,288,4,0,3,0
2025-10-26,meta_retargeting_webinar,meta,9873,7052,68,3,0,1,0
2025-10-27,FB-Broad,meta,15840,11314,121,6,0,0,0
2025-10-27,google_brand_search,google,7460,1554,79,2,2,1,0
2025-10-27,google_nonbrand_growth,google,20814,4336,205,1,1,0,0
2025-10-27,linkedin_ceo_abm,linkedin,27464,5281,29,2,0,0,0
2025-10-27,meta_prospecting_founder,meta,33063,23616,274,10,0,1,0
2025-10-27,meta_retargeting_webinar,meta,9428,6734,79,3,1,1,0
2025-10-28,FB-Broad,meta,17633,12595,119,2,2,1,0
2025-10-28,google_brand_search,google,7161,1491,84,5,1,0,0
2025-10-28,google_nonbrand_growth,google,24580,5120,256,5,0,0,0
2025-10-28,linkedin_ceo_abm,linkedin,23781,4573,33,2,2,1,0
2025-10-28,meta_prospecting_founder,meta,34097,24355,237,10,5,1,0
2025-10-28,meta_retargeting_webinar,meta,8911,6365,76,3,0,1,0
2025-10-29,FB-Broad,meta,15585,11132,120,4,2,1,1
2025-10-29,google_brand_search,google,7112,1481,76,2,1,1,1
2025-10-29,google_nonbrand_growth,google,22227,4630,225,4,0,0,0
2025-10-29,linkedin_ceo_abm,linkedin,25194,4845,27,4,1,0,0
2025-10-29,meta_prospecting_founder,meta,30381,21700,232,8,3,1,0
2025-10-29,meta_retargeting_webinar,meta,8434,6024,57,2,0,1,0
2025-10-30,FB-Broad,meta,16892,12065,128,2,1,0,0
2025-10-30,google_brand_search,google,6281,1308,61,1,3,1,0
2025-10-30,google_nonbrand_growth,google,23972,4994,265,5,0,0,0
2025-10-30,linkedin_ceo_abm,linkedin,23985,4612,29,1,2,1,0
2025-10-30,meta_prospecting_founder,meta,31969,22835,272,8,1,0,0
2025-10-30,meta_retargeting_webinar,meta,9194,6567,80,5,0,0,0
2025-10-31,FB-Broad,meta,15561,11115,106,5,1,1,1
2025-10-31,google_brand_search,google,6605,1376,71,1,1,1,0
2025-10-31,google_nonbrand_growth,google,22909,4772,256,1,0,0,0
2025-10-31,linkedin_ceo_abm,linkedin,24090,4632,28,3,0,0,0
2025-10-31,meta_prospecting_founder,meta,29231,20879,225,4,3,2,0
2025-10-31,meta_retargeting_webinar,meta,9709,6935,87,4,1,0,0
2025-11-01,FB-Broad,meta,17491,12493,127,4,1,1,0
2025-11-01,google_brand_search,google,7358,1532,75,0,1,0,0
2025-11-01,google_nonbrand_growth,google,21197,4416,220,2,0,0,0
2025-11-01,linkedin_ceo_abm,linkedin,27687,5324,39,2,1,1,0
2025-11-01,meta_prospecting_founder,meta,29086,20775,226,4,1,0,0
2025-11-01,meta_retargeting_webinar,meta,8673,6195,78,1,1,0,0
2025-11-02,FB-Broad,meta,16555,11825,119,5,2,1,0
2025-11-02,google_brand_search,google,6310,1314,68,0,0,1,0
2025-11-02,google_nonbrand_growth,google,20712,4315,210,2,0,0,1
2025-11-02,linkedin_ceo_abm,linkedin,22984,4420,26,1,2,1,0
2025-11-02,meta_prospecting_founder,meta,33526,23947,291,4,0,2,0
2025-11-02,meta_retargeting_webinar,meta,9689,6920,69,4,1,0,1
2025-11-03,FB-Broad,meta,17053,12180,152,5,1,0,0
2025-11-03,google_brand_search,google,6679,1391,80,4,0,0,0
2025-11-03,google_nonbrand_growth,google,22705,4730,209,4,1,0,0
2025-11-03,linkedin_ceo_abm,linkedin,26970,5186,31,2,0,0,0
2025-11-03,meta_prospecting_founder,meta,34715,24796,298,5,2,2,1
2025-11-03,meta_retargeting_webinar,meta,8533,6095,69,6,2,0,0
2025-11-04,FB-Broad,meta,16660,11900,124,4,0,1,0
2025-11-04,google_brand_search,google,6632,1381,63,0,1,2,0
2025-11-04,google_nonbrand_growth,google,24738,5153,237,6,2,0,0
2025-11-04,linkedin_ceo_abm,linkedin,25214,4848,30,2,2,0,0
2025-11-04,meta_prospecting_founder,meta,31203,22287,209,4,1,0,0
2025-11-04,meta_retargeting_webinar,meta,8996,6425,71,5,1,3,0
2025-11-05,FB-Broad,meta,17824,12731,159,2,0,0,0
2025-11-05,google_brand_search,google,6791,1414,66,1,0,0,0
2025-11-05,google_nonbrand_growth,google,21389,4456,240,4,1,0,0
2025-11-05,linkedin_ceo_abm,linkedin,23813,4579,29,2,1,0,0
2025-11-05,meta_prospecting_founder,meta,33073,23623,238,9,1,1,0
2025-11-05,meta_retargeting_webinar,meta,9095,6496,79,8,2,1,0
2025-11-06,FB-Broad,meta,17994,12852,137,4,1,0,0
2025-11-06,google_brand_search,google,6774,1411,72,3,1,1,0
2025-11-06,google_nonbrand_growth,google,23328,4860,260,4,1,0,0
2025-11-06,linkedin_ceo_abm,linkedin,24313,4675,31,0,0,1,0
2025-11-06,meta_prospecting_founder,meta,33004,23574,297,12,1,1,0
2025-11-06,meta_retargeting_webinar,meta,9740,6957,87,4,2,0,0
2025-11-07,FB-Broad,meta,15745,11246,139,6,0,1,0
2025-11-07,google_brand_search,google,7130,1485,76,1,0,0,0
2025-11-07,google_nonbrand_growth,google,23447,4884,220,3,1,0,0
2025-11-07,linkedin_ceo_abm,linkedin,27879,5361,35,3,2,1,0
2025-11-07,meta_prospecting_founder,meta,31580,22557,255,4,4,0,0
2025-11-07,meta_retargeting_webinar,meta,9285,6632,64,3,1,1,0
2025-11-08,FB-Broad,meta,15704,11217,106,3,3,0,0
2025-11-08,google_brand_search,google,7149,1489,71,2,2,0,0
2025-11-08,google_nonbrand_growth,google,24800,5166,267,1,0,0,0
2025-11-08,linkedin_ceo_abm,linkedin,27545,5297,36,1,1,1,0
2025-11-08,meta_prospecting_founder,meta,32931,23522,245,8,3,1,0
2025-11-08,meta_retargeting_webinar,meta,9829,7020,69,1,3,0,0
2025-11-09,FB-Broad,meta,17104,12217,152,3,2,1,0
2025-11-09,google_brand_search,google,6250,1302,74,2,0,0,1
2025-11-09,google_nonbrand_growth,google,21016,4378,239,1,0,0,0
2025-11-09,linkedin_ceo_abm,linkedin,25075,4822,28,1,0,2,1
2025-11-09,meta_prospecting_founder,meta,31970,22835,255,7,2,0,1
2025-11-09,meta_retargeting_webinar,meta,9429,6735,74,3,0,0,1
2025-11-10,FB-Broad,meta,16651,11893,130,3,0,1,0
2025-11-10,google_brand_search,google,7351,1531,78,0,1,0,0
2025-11-10,google_nonbrand_growth,google,22451,4677,231,3,1,1,0
2025-11-10,linkedin_ceo_abm,linkedin,24666,4743,28,3,1,0,0
2025-11-10,meta_prospecting_founder,meta,32642,23315,285,6,4,3,2
2025-11-10,meta_retargeting_webinar,meta,9564,6831,77,4,1,0,0
2025-11-11,FB-Broad,meta,15689,11206,111,6,1,1,0
2025-11-11,google_brand_search,google,7320,1525,83,0,0,0,0
2025-11-11,google_nonbrand_growth,google,24291,5060,291,2,1,0,0
2025-11-11,linkedin_ceo_abm,linkedin,22930,4409,28,3,1,0,0
2025-11-11,meta_prospecting_founder,meta,32758,23398,225,13,1,0,1
2025-11-11,meta_retargeting_webinar,meta,9791,6993,67,3,2,1,0
2025-11-12,FB-Broad,meta,14993,10709,108,7,1,0,0
2025-11-12,google_brand_search,google,7454,1552,85,8,1,0,0
2025-11-12,google_nonbrand_growth,google,22493,4686,251,3,1,0,0
2025-11-12,linkedin_ceo_abm,linkedin,24946,4797,31,1,0,0,1
2025-11-12,meta_prospecting_founder,meta,31369,22406,265,8,2,1,0
2025-11-12,meta_retargeting_webinar,meta,8777,6269,65,7,1,1,0
2025-11-13,FB-Broad,meta,16020,11442,126,6,0,0,0
2025-11-13,google_brand_search,google,7488,1559,81,4,1,0,1
2025-11-13,google_nonbrand_growth,google,22406,4667,238,5,0,0,0
2025-11-13,linkedin_ceo_abm,linkedin,23809,4578,26,4,1,1,0
2025-11-13,meta_prospecting_founder,meta,34764,24831,313,6,3,2,0
2025-11-13,meta_retargeting_webinar,meta,9279,6627,72,1,2,0,0
2025-11-14,FB-Broad,meta,16534,11810,119,2,0,0,0
2025-11-14,google_brand_search,google,6352,1323,70,4,2,0,0
2025-11-14,google_nonbrand_growth,google,24024,5005,225,2,2,1,0
2025-11-14,linkedin_ceo_abm,linkedin,25092,4825,29,1,2,0,0
2025-11-14,meta_prospecting_founder,meta,34829,24877,303,10,4,0,0
2025-11-14,meta_retargeting_webinar,meta,9203,6573,61,1,0,0,0
2025-11-15,FB-Broad,meta,15971,11407,136,2,1,0,0
2025-11-15,google_brand_search,google,6385,1330,59,1,2,1,0
2025-11-15,google_nonbrand_growth,google,22594,4707,232,1,3,2,0
2025-11-15,linkedin_ceo_abm,linkedin,28066,5397,33,0,0,0,0
2025-11-15,meta_prospecting_founder,meta,34682,24772,287,3,2,0,0
2025-11-15,meta_retargeting_webinar,meta,9314,6652,81,2,2,0,0
2025-11-16,FB-Broad,meta,16486,11775,134,1,1,0,0
2025-11-16,google_brand_search,google,7232,1506,84,2,1,2,0
2025-11-16,google_nonbrand_growth,google,20886,4351,199,4,0,0,0
2025-11-16,linkedin_ceo_abm,linkedin,27669,5320,35,1,1,1,1
2025-11-16,meta_prospecting_founder,meta,33521,23943,272,4,0,1,0
2025-11-16,meta_retargeting_webinar,meta,9586,6847,77,3,0,2,0
2025-11-17,FB-Broad,meta,15136,10811,109,6,1,1,1
2025-11-17,google_brand_search,google,6852,1427,71,3,1,1,0
2025-11-17,google_nonbrand_growth,google,23184,4830,237,4,4,0,0
2025-11-17,linkedin_ceo_abm,linkedin,27581,5304,34,1,1,1,0
2025-11-17,meta_prospecting_founder,meta,30564,21831,265,4,2,0,0
2025-11-17,meta_retargeting_webinar,meta,10221,7300,71,2,3,3,0
2025-11-18,FB-Broad,meta,16214,11581,119,4,0,0,0
2025-11-18,google_brand_search,google,6880,1433,64,0,1,1,0
2025-11-18,google_nonbrand_growth,google,24804,5167,271,5,1,0,0
2025-11-18,linkedin_ceo_abm,linkedin,25423,4889,33,0,0,0,0
2025-11-18,meta_prospecting_founder,meta,30818,22012,237,4,0,0,0
2025-11-18,meta_retargeting_webinar,meta,9961,7115,84,4,0,1,0
2025-11-19,FB-Broad,meta,17054,12181,115,0,0,1,0
2025-11-19,google_brand_search,google,6737,1403,69,2,2,0,0
2025-11-19,google_nonbrand_growth,google,23418,4878,220,6,0,2,0
2025-11-19,linkedin_ceo_abm,linkedin,27649,5317,38,0,0,0,0
2025-11-19,meta_prospecting_founder,meta,31505,22503,258,6,2,1,0
2025-11-19,meta_retargeting_webinar,meta,8545,6103,72,2,0,2,0
2025-11-20,FB-Broad,meta,17607,12576,118,4,0,0,1
2025-11-20,google_brand_search,google,6211,1293,67,1,2,0,0
2025-11-20,google_nonbrand_growth,google,21083,4392,220,3,0,2,0
2025-11-20,linkedin_ceo_abm,linkedin,23853,4587,32,0,0,2,1
2025-11-20,meta_prospecting_founder,meta,34877,24912,298,4,1,0,0
2025-11-20,meta_retargeting_webinar,meta,9913,7080,74,3,3,0,0
2025-11-21,FB-Broad,meta,16250,11607,144,3,0,0,0
2025-11-21,google_brand_search,google,7007,1459,84,0,0,0,0
2025-11-21,google_nonbrand_growth,google,23669,4931,219,1,0,1,0
2025-11-21,linkedin_ceo_abm,linkedin,26620,5119,34,3,0,0,0
2025-11-21,meta_prospecting_founder,meta,33395,23853,271,11,1,2,0
2025-11-21,meta_retargeting_webinar,meta,9640,6885,72,1,2,0,1
2025-11-22,FB-Broad,meta,16997,12140,127,1,1,0,0
2025-11-22,google_brand_search,google,7429,1547,68,2,1,1,0
2025-11-22,google_nonbrand_growth,google,21848,4551,255,1,1,1,0
2025-11-22,linkedin_ceo_abm,linkedin,26790,5151,32,1,0,0,0
2025-11-22,meta_prospecting_founder,meta,34489,24634,276,2,3,0,0
2025-11-22,meta_retargeting_webinar,meta,10183,7273,82,3,0,0,0
2025-11-23,FB-Broad,meta,16528,11805,134,2,0,0,0
2025-11-23,google_brand_search,google,6398,1332,63,3,1,0,0
2025-11-23,google_nonbrand_growth,google,21094,4394,232,3,0,1,0
2025-11-23,linkedin_ceo_abm,linkedin,24146,4643,29,1,0,0,0
2025-11-23,meta_prospecting_founder,meta,33919,24227,250,5,1,1,0
2025-11-23,meta_retargeting_webinar,meta,9057,6469,70,4,0,2,1
2025-11-24,FB-Broad,meta,17109,12220,153,8,0,0,0
2025-11-24,google_brand_search,google,6472,1348,68,5,0,0,0
2025-11-24,google_nonbrand_growth,google,24701,5146,258,3,1,0,0
2025-11-24,linkedin_ceo_abm,linkedin,26391,5075,28,1,1,0,0
2025-11-24,meta_prospecting_founder,meta,32491,23207,263,7,0,2,0
2025-11-24,meta_retargeting_webinar,meta,8574,6124,58,1,1,0,0
2025-11-25,FB-Broad,meta,15378,10984,105,7,3,0,0
2025-11-25,google_brand_search,google,7491,1560,73,1,2,0,0
2025-11-25,google_nonbrand_growth,google,24214,5044,265,4,0,0,0
2025-11-25,linkedin_ceo_abm,linkedin,26194,5037,35,2,0,0,0
2025-11-25,meta_prospecting_founder,meta,30365,21689,217,8,3,0,0
2025-11-25,meta_retargeting_webinar,meta,8632,6165,73,2,1,0,0
2025-11-26,FB-Broad,meta,18331,13093,122,6,2,1,0
2025-11-26,google_brand_search,google,6300,1312,76,2,1,0,0
2025-11-26,google_nonbrand_growth,google,20974,4369,250,5,1,0,0
2025-11-26,linkedin_ceo_abm,linkedin,26510,5098,29,3,0,0,0
2025-11-26,meta_prospecting_founder,meta,30058,21470,203,4,0,2,0
2025-11-26,meta_retargeting_webinar,meta,10032,7165,72,1,2,0,0
2025-11-27,FB-Broad,meta,16973,12123,121,2,1,2,0
2025-11-27,google_brand_search,google,7162,1492,77,5,0,1,1
2025-11-27,google_nonbrand_growth,google,21801,4541,236,2,1,0,0
2025-11-27,linkedin_ceo_abm,linkedin,23303,4481,28,2,1,0,0
2025-11-27,meta_prospecting_founder,meta,30736,21954,244,7,0,1,0
2025-11-27,meta_retargeting_webinar,meta,8375,5982,75,0,1,0,0
2025-11-28,FB-Broad,meta,17304,12360,126,3,1,0,0
2025-11-28,google_brand_search,google,7539,1570,80,2,2,0,0
2025-11-28,google_nonbrand_growth,google,24075,5015,276,2,2,1,0
2025-11-28,linkedin_ceo_abm,linkedin,24913,4790,32,3,2,0,0
2025-11-28,meta_prospecting_founder,meta,31013,22152,263,2,2,0,0
2025-11-28,meta_retargeting_webinar,meta,9905,7075,74,5,0,0,1
2025-11-29,FB-Broad,meta,17327,12376,143,2,1,0,0
2025-11-29,google_brand_search,google,6918,1441,78,0,3,0,0
2025-11-29,google_nonbrand_growth,google,23101,4812,285,2,0,0,0
2025-11-29,linkedin_ceo_abm,linkedin,23554,4529,33,1,2,1,0
2025-11-29,meta_prospecting_founder,meta,35279,25199,243,5,1,0,0
2025-11-29,meta_retargeting_webinar,meta,9087,6490,80,1,0,0,1
2025-11-30,FB-Broad,meta,17804,12717,158,2,3,1,0
2025-11-30,google_brand_search,google,6628,1380,79,6,0,1,0
2025-11-30,google_nonbrand_growth,google,21260,4429,236,3,0,0,0
2025-11-30,linkedin_ceo_abm,linkedin,26922,5177,38,0,2,1,0
2025-11-30,meta_prospecting_founder,meta,31627,22590,254,7,3,0,0
2025-11-30,meta_retargeting_webinar,meta,10112,7222,71,2,1,1,0
2025-12-01,FB-Broad,meta,17654,12610,125,1,0,0,0
2025-12-01,google_brand_search,google,7008,1460,72,3,3,2,0
2025-12-01,google_nonbrand_growth,google,22838,4757,243,3,0,0,1
2025-12-01,linkedin_ceo_abm,linkedin,25270,4859,30,1,0,0,1
2025-12-01,meta_prospecting_founder,meta,33500,23928,229,11,3,0,0
2025-12-01,meta_retargeting_webinar,meta,9940,7100,68,7,2,0,0
2025-12-02,FB-Broad,meta,16849,12035,120,5,0,0,0
2025-12-02,google_brand_search,google,6356,1324,73,3,1,1,0
2025-12-02,google_nonbrand_growth,google,21875,4557,264,3,1,0,0
2025-12-02,linkedin_ceo_abm,linkedin,27821,5350,37,0,1,0,0
2025-12-02,meta_prospecting_founder,meta,30959,22113,278,4,1,1,0
2025-12-02,meta_retargeting_webinar,meta,8913,6366,70,3,2,0,0
2025-12-03,FB-Broad,meta,17304,12360,120,8,1,1,0
2025-12-03,google_brand_search,google,6851,1427,81,2,4,0,0
2025-12-03,google_nonbrand_growth,google,21471,4473,265,2,0,0,1
2025-12-03,linkedin_ceo_abm,linkedin,26193,5037,31,2,0,2,0
2025-12-03,meta_prospecting_founder,meta,32490,23207,263,10,0,0,1
2025-12-03,meta_retargeting_webinar,meta,9942,7101,88,3,3,0,0
2025-12-04,FB-Broad,meta,16247,11605,134,5,1,0,0
2025-12-04,google_brand_search,google,7505,1563,89,5,0,0,0
2025-12-04,google_nonbrand_growth,google,20515,4273,251,7,0,0,0
2025-12-04,linkedin_ceo_abm,linkedin,25970,4994,34,3,0,0,0
2025-12-04,meta_prospecting_founder,meta,29952,21394,246,4,1,3,0
2025-12-04,meta_retargeting_webinar,meta,10115,7225,83,2,0,2,1
2025-12-05,FB-Broad,meta,15965,11403,115,6,2,0,0
2025-12-05,google_brand_search,google,7308,1522,76,0,3,0,0
2025-12-05,google_nonbrand_growth,google,20915,4357,252,1,4,0,0
2025-12-05,linkedin_ceo_abm,linkedin,26025,5004,33,1,0,1,0
2025-12-05,meta_prospecting_founder,meta,30767,21976,273,5,1,0,0
2025-12-05,meta_retargeting_webinar,meta,8682,6201,67,0,1,0,0
2025-12-06,FB-Broad,meta,18356,13111,164,2,1,2,1
2025-12-06,google_brand_search,google,6725,1401,74,3,1,0,0
2025-12-06,google_nonbrand_growth,google,21338,4445,234,1,1,1,0
2025-12-06,linkedin_ceo_abm,linkedin,24942,4796,34,1,0,0,0
2025-12-06,meta_prospecting_founder,meta,29568,21120,208,7,0,0,0
2025-12-06,meta_retargeting_webinar,meta,8397,5997,67,2,0,0,0
2025-12-07,FB-Broad,meta,17947,12819,149,3,1,0,0
2025-12-07,google_brand_search,google,6779,1412,66,2,0,2,0
2025-12-07,google_nonbrand_growth,google,24184,5038,290,1,0,1,0
2025-12-07,linkedin_ceo_abm,linkedin,23354,4491,32,3,0,0,0
2025-12-07,meta_prospecting_founder,meta,35264,25188,240,2,2,0,0
2025-12-07,meta_retargeting_webinar,meta,9218,6584,65,1,0,0,0
2025-12-08,FB-Broad,meta,18134,12952,150,5,3,0,0
2025-12-08,google_brand_search,google,6960,1450,77,1,0,0,0
2025-12-08,google_nonbrand_growth,google,22852,4760,253,2,2,1,0
2025-12-08,linkedin_ceo_abm,linkedin,24634,4737,34,2,0,0,0
2025-12-08,meta_prospecting_founder,meta,33567,23976,247,5,1,0,0
2025-12-08,meta_retargeting_webinar,meta,9627,6876,74,1,0,2,0
2025-12-09,FB-Broad,meta,17499,12499,153,4,1,1,0
2025-12-09,google_brand_search,google,7523,1567,86,1,2,1,0
2025-12-09,google_nonbrand_growth,google,22456,4678,272,4,0,1,0
2025-12-09,linkedin_ceo_abm,linkedin,26870,5167,38,2,1,0,1
2025-12-09,meta_prospecting_founder,meta,30596,21854,224,8,0,2,0
2025-12-09,meta_retargeting_webinar,meta,9751,6965,69,3,0,0,0
2025-12-10,FB-Broad,meta,16953,12109,121,4,1,0,0
2025-12-10,google_brand_search,google,6532,1360,75,1,1,0,0
2025-12-10,google_nonbrand_growth,google,22741,4737,242,2,2,0,0
2025-12-10,linkedin_ceo_abm,linkedin,23193,4460,27,0,1,0,0
2025-12-10,meta_prospecting_founder,meta,34215,24439,291,10,2,0,0
2025-12-10,meta_retargeting_webinar,meta,9470,6764,81,1,2,1,0
2025-12-11,FB-Broad,meta,17650,12607,139,3,0,0,0
2025-12-11,google_brand_search,google,7395,1540,83,5,0,1,0
2025-12-11,google_nonbrand_growth,google,22943,4779,243,1,0,0,0
2025-12-11,linkedin_ceo_abm,linkedin,26838,5161,37,2,0,0,1
2025-12-11,meta_prospecting_founder,meta,34541,24672,305,8,1,0,0
2025-12-11,meta_retargeting_webinar,meta,9099,6499,79,6,0,0,0
2025-12-12,FB-Broad,meta,16749,11963,124,6,0,0,0
2025-12-12,google_brand_search,google,7527,1568,85,3,1,0,0
2025-12-12,google_nonbrand_growth,google,20891,4352,208,3,0,0,0
2025-12-12,linkedin_ceo_abm,linkedin,25791,4959,29,2,0,0,0
2025-12-12,meta_prospecting_founder,meta,33968,24262,280,5,1,2,1
2025-12-12,meta_retargeting_webinar,meta,9816,7011,74,4,0,0,0
2025-12-13,FB-Broad,meta,14995,10710,121,1,1,0,1
2025-12-13,google_brand_search,google,6278,1307,58,2,1,0,1
2025-12-13,google_nonbrand_growth,google,23456,4886,266,3,1,1,0
2025-12-13,linkedin_ceo_abm,linkedin,24023,4619,27,1,2,0,0
2025-12-13,meta_prospecting_founder,meta,32970,23550,295,3,1,2,0
2025-12-13,meta_retargeting_webinar,meta,8437,6026,72,0,1,0,0
2025-12-14,FB-Broad,meta,16106,11504,121,2,1,1,0
2025-12-14,google_brand_search,google,6596,1374,70,3,0,0,1
2025-12-14,google_nonbrand_growth,google,21727,4526,205,2,0,0,1
2025-12-14,linkedin_ceo_abm,linkedin,27064,5204,38,2,0,2,0
2025-12-14,meta_prospecting_founder,meta,29246,20889,202,3,1,0,0
2025-12-14,meta_retargeting_webinar,meta,9446,6747,65,0,2,1,0
2025-12-15,FB-Broad,meta,17347,12390,117,3,1,0,0
2025-12-15,google_brand_search,google,6285,1309,60,3,1,1,0
2025-12-15,google_nonbrand_growth,google,20284,4225,235,1,1,0,0
2025-12-15,linkedin_ceo_abm,linkedin,25657,4934,35,0,1,1,0
2025-12-15,meta_prospecting_founder,meta,34164,24402,254,10,2,0,0
2025-12-15,meta_retargeting_webinar,meta,8788,6277,60,2,0,1,0
2025-12-16,FB-Broad,meta,17983,12845,152,5,0,0,0
2025-12-16,google_brand_search,google,7385,1538,73,2,1,0,0
2025-12-16,google_nonbrand_growth,google,24562,5117,264,3,0,0,0
2025-12-16,linkedin_ceo_abm,linkedin,23290,4478,30,1,0,0,0
2025-12-16,meta_prospecting_founder,meta,33066,23618,288,11,2,0,0
2025-12-16,meta_retargeting_webinar,meta,10015,7153,67,3,1,2,0
2025-12-17,FB-Broad,meta,17762,12687,149,10,0,0,0
2025-12-17,google_brand_search,google,6626,1380,82,3,2,0,0
2025-12-17,google_nonbrand_growth,google,24830,5172,293,5,3,0,0
2025-12-17,linkedin_ceo_abm,linkedin,24448,4701,30,3,0,1,0
2025-12-17,meta_prospecting_founder,meta,32481,23200,279,7,1,1,0
2025-12-17,meta_retargeting_webinar,meta,8903,6359,63,6,2,0,0
2025-12-18,FB-Broad,meta,17819,12727,157,6,3,0,0
2025-12-18,google_brand_search,google,6994,1457,65,4,0,0,0
2025-12-18,google_nonbrand_growth,google,23678,4932,246,4,0,0,0
2025-12-18,linkedin_ceo_abm,linkedin,24800,4769,26,4,1,0,0
2025-12-18,meta_prospecting_founder,meta,31129,22235,260,5,1,0,0
2025-12-18,meta_retargeting_webinar,meta,9598,6855,82,1,0,1,0
2025-12-19,FB-Broad,meta,16747,11962,138,5,2,1,0
2025-12-19,google_brand_search,google,7441,1550,84,1,4,0,0
2025-12-19,google_nonbrand_growth,google,22143,4613,237,2,2,2,1
2025-12-19,linkedin_ceo_abm,linkedin,25205,4847,31,3,2,1,1
2025-12-19,meta_prospecting_founder,meta,32289,23063,284,6,2,1,0
2025-12-19,meta_retargeting_webinar,meta,9561,6829,81,1,0,1,0
2025-12-20,FB-Broad,meta,16292,11637,137,3,1,0,0
2025-12-20,google_brand_search,google,7250,1510,84,0,1,2,0
2025-12-20,google_nonbrand_growth,google,23861,4971,253,1,1,0,0
2025-12-20,linkedin_ceo_abm,linkedin,26283,5054,28,0,0,0,0
2025-12-20,meta_prospecting_founder,meta,34075,24339,300,0,3,0,1
2025-12-20,meta_retargeting_webinar,meta,9420,6728,74,0,0,0,0
2025-12-21,FB-Broad,meta,17062,12187,117,0,1,0,0
2025-12-21,google_brand_search,google,7309,1522,84,2,0,0,0
2025-12-21,google_nonbrand_growth,google,23151,4823,287,1,0,1,0
2025-12-21,linkedin_ceo_abm,linkedin,26478,5091,37,1,0,1,0
2025-12-21,meta_prospecting_founder,meta,29066,20761,235,5,1,1,0
2025-12-21,meta_retargeting_webinar,meta,9346,6675,62,3,0,0,0
2025-12-22,FB-Broad,meta,15149,10820,120,5,0,4,0
2025-12-22,google_brand_search,google,6599,1374,80,2,0,1,0
2025-12-22,google_nonbrand_growth,google,24262,5054,231,5,0,0,0
2025-12-22,linkedin_ceo_abm,linkedin,23414,4502,32,1,0,1,0
2025-12-22,meta_prospecting_founder,meta,30537,21812,219,9,0,1,0
2025-12-22,meta_retargeting_webinar,meta,9257,6612,79,0,2,0,0
2025-12-23,FB-Broad,meta,16663,11902,147,3,0,0,0
2025-12-23,google_brand_search,google,6220,1295,63,2,0,0,0
2025-12-23,google_nonbrand_growth,google,20560,4283,213,1,2,0,0
2025-12-23,linkedin_ceo_abm,linkedin,24232,4660,27,1,0,0,0
2025-12-23,meta_prospecting_founder,meta,29487,21062,205,5,0,1,1
2025-12-23,meta_retargeting_webinar,meta,9824,7017,86,2,2,0,0
2025-12-24,FB-Broad,meta,18034,12881,152,3,1,0,0
2025-12-24,google_brand_search,google,6191,1289,59,1,1,0,0
2025-12-24,google_nonbrand_growth,google,20775,4328,233,4,1,0,0
2025-12-24,linkedin_ceo_abm,linkedin,27971,5379,30,0,0,1,0
2025-12-24,meta_prospecting_founder,meta,35359,25256,313,8,2,0,1
2025-12-24,meta_retargeting_webinar,meta,9319,6656,68,1,1,0,0
2025-12-25,FB-Broad,meta,15360,10971,136,1,0,0,0
2025-12-25,google_brand_search,google,7466,1555,70,0,2,1,0
2025-12-25,google_nonbrand_growth,google,22809,4751,231,3,0,1,0
2025-12-25,linkedin_ceo_abm,linkedin,25383,4881,33,0,0,0,0
2025-12-25,meta_prospecting_founder,meta,34343,24530,279,7,4,0,1
2025-12-25,meta_retargeting_webinar,meta,8776,6268,67,0,0,1,0
2025-12-26,FB-Broad,meta,15206,10861,117,1,0,0,0
2025-12-26,google_brand_search,google,6622,1379,80,4,0,0,0
2025-12-26,google_nonbrand_growth,google,21926,4567,271,6,1,0,0
2025-12-26,linkedin_ceo_abm,linkedin,22987,4420,30,1,0,0,0
2025-12-26,meta_prospecting_founder,meta,29287,20919,257,3,1,0,0
2025-12-26,meta_retargeting_webinar,meta,9745,6960,69,2,1,0,0
2025-12-27,FB-Broad,meta,16722,11944,134,3,0,0,0
2025-12-27,google_brand_search,google,7363,1533,90,3,1,1,0
2025-12-27,google_nonbrand_growth,google,22515,4690,224,0,2,2,0
2025-12-27,linkedin_ceo_abm,linkedin,25122,4831,34,0,0,0,0
2025-12-27,meta_prospecting_founder,meta,34769,24835,310,4,0,1,1
2025-12-27,meta_retargeting_webinar,meta,10175,7267,72,2,1,1,0
2025-12-28,FB-Broad,meta,16794,11995,149,4,0,0,0
2025-12-28,google_brand_search,google,7420,1545,83,4,1,1,0
2025-12-28,google_nonbrand_growth,google,22437,4674,262,0,0,0,1
2025-12-28,linkedin_ceo_abm,linkedin,26065,5012,28,0,0,0,0
2025-12-28,meta_prospecting_founder,meta,32096,22925,259,6,0,1,0
2025-12-28,meta_retargeting_webinar,meta,10234,7310,78,1,0,1,0
2025-12-29,FB-Broad,meta,17997,12855,154,4,0,0,0
2025-12-29,google_brand_search,google,6851,1427,81,1,0,0,0
2025-12-29,google_nonbrand_growth,google,21060,4387,249,1,2,0,0
2025-12-29,linkedin_ceo_abm,linkedin,27775,5341,37,2,0,0,0
2025-12-29,meta_prospecting_founder,meta,34360,24542,296,5,2,0,0
2025-12-29,meta_retargeting_webinar,meta,8860,6328,75,2,0,1,0
2025-12-30,FB-Broad,meta,17114,12224,119,1,1,0,0
2025-12-30,google_brand_search,google,6820,1420,80,2,2,0,1
2025-12-30,google_nonbrand_growth,google,22267,4638,267,2,0,1,0
2025-12-30,linkedin_ceo_abm,linkedin,23703,4558,29,0,0,0,0
2025-12-30,meta_prospecting_founder,meta,31776,22697,279,7,2,0,0
2025-12-30,meta_retargeting_webinar,meta,8717,6226,71,0,0,0,0
2025-12-31,FB-Broad,meta,15391,10993,117,2,1,0,0
2025-12-31,google_brand_search,google,7112,1481,76,2,2,0,0
2025-12-31,google_nonbrand_growth,google,21174,4411,237,1,0,0,0
2025-12-31,linkedin_ceo_abm,linkedin,27974,5379,35,3,1,0,0
2025-12-31,meta_prospecting_founder,meta,29653,21180,236,4,0,0,0
2025-12-31,meta_retargeting_webinar,meta,8833,6309,73,3,0,0,0
2026-01-01,FB-Broad,meta,17424,12445,150,2,1,0,0
2026-01-01,google_brand_search,google,7534,1569,80,3,0,1,0
2026-01-01,google_nonbrand_growth,google,22088,4601,261,3,1,0,0
2026-01-01,linkedin_ceo_abm,linkedin,23698,4557,30,1,0,0,0
2026-01-01,meta_prospecting_founder,meta,29259,20899,229,7,2,0,0
2026-01-01,meta_retargeting_webinar,meta,8613,6152,71,2,0,0,0
2026-01-02,FB-Broad,meta,17846,12747,139,0,0,1,0
2026-01-02,google_brand_search,google,7262,1512,86,3,3,0,0
2026-01-02,google_nonbrand_growth,google,22575,4703,243,2,1,0,0
2026-01-02,linkedin_ceo_abm,linkedin,23555,4529,26,0,0,0,0
2026-01-02,meta_prospecting_founder,meta,32375,23125,264,1,0,2,0
2026-01-02,meta_retargeting_webinar,meta,9452,6751,68,0,0,0,1
2026-01-03,FB-Broad,meta,17018,12155,129,4,0,0,0
2026-01-03,google_brand_search,google,7450,1552,76,0,1,0,0
2026-01-03,google_nonbrand_growth,google,23179,4828,241,5,3,0,0
2026-01-03,linkedin_ceo_abm,linkedin,24788,4766,27,1,0,0,0
2026-01-03,meta_prospecting_founder,meta,34000,24285,277,5,1,1,1
2026-01-03,meta_retargeting_webinar,meta,9849,7034,84,1,1,0,0
2026-01-04,FB-Broad,meta,17147,12247,128,4,1,0,0
2026-01-04,google_brand_search,google,7082,1475,80,1,0,0,0
2026-01-04,google_nonbrand_growth,google,22672,4723,241,2,1,0,1
2026-01-04,linkedin_ceo_abm,linkedin,27294,5248,35,1,2,0,0
2026-01-04,meta_prospecting_founder,meta,32473,23195,292,6,1,0,0
2026-01-04,meta_retargeting_webinar,meta,10048,7177,77,2,0,1,0
2026-01-05,FB-Broad,meta,18058,12898,139,9,0,0,0
2026-01-05,google_brand_search,google,6319,1316,78,2,1,0,0
2026-01-05,google_nonbrand_growth,google,22324,4650,257,4,0,0,0
2026-01-05,linkedin_ceo_abm,linkedin,26817,5157,33,1,1,1,0
2026-01-05,meta_prospecting_founder,meta,30400,21714,244,10,0,0,0
2026-01-05,meta_retargeting_webinar,meta,9150,6535,73,9,2,0,0
2026-01-06,FB-Broad,meta,16347,11676,119,8,0,1,0
2026-01-06,google_brand_search,google,6745,1405,83,6,0,1,0
2026-01-06,google_nonbrand_growth,google,21610,4502,249,4,2,0,0
2026-01-06,linkedin_ceo_abm,linkedin,26151,5029,34,1,0,0,0
2026-01-06,meta_prospecting_founder,meta,34315,24510,301,8,3,0,0
2026-01-06,meta_retargeting_webinar,meta,8561,6115,64,4,1,0,0
2026-01-07,FB-Broad,meta,17417,12440,132,1,2,0,0
2026-01-07,google_brand_search,google,6390,1331,68,2,2,1,0
2026-01-07,google_nonbrand_growth,google,21756,4532,263,6,1,0,0
2026-01-07,linkedin_ceo_abm,linkedin,24488,4709,28,0,0,1,0
2026-01-07,meta_prospecting_founder,meta,31163,22259,224,7,4,1,0
2026-01-07,meta_retargeting_webinar,meta,9408,6720,81,5,1,1,0
2026-01-08,FB-Broad,meta,16869,12049,137,3,1,0,1
2026-01-08,google_brand_search,google,7503,1563,77,6,1,1,0
2026-01-08,google_nonbrand_growth,google,22734,4736,248,5,0,0,0
2026-01-08,linkedin_ceo_abm,linkedin,27649,5317,32,2,0,0,0
2026-01-08,meta_prospecting_founder,meta,33367,23833,234,8,2,0,0
2026-01-08,meta_retargeting_webinar,meta,9208,6577,74,3,3,0,0
2026-01-09,FB-Broad,meta,16298,11641,133,4,2,0,0
2026-01-09,google_brand_search,google,7136,1486,68,6,3,0,0
2026-01-09,google_nonbrand_growth,google,21758,4532,200,3,1,0,0
2026-01-09,linkedin_ceo_abm,linkedin,27425,5274,32,0,0,1,0
2026-01-09,meta_prospecting_founder,meta,30579,21842,241,10,0,1,0
2026-01-09,meta_retargeting_webinar,meta,9026,6447,62,5,3,0,0
2026-01-10,FB-Broad,meta,15900,11357,113,1,0,0,0
2026-01-10,google_brand_search,google,6432,1339,75,2,2,1,0
2026-01-10,google_nonbrand_growth,google,24713,5148,244,7,0,0,0
2026-01-10,linkedin_ceo_abm,linkedin,24205,4654,29,0,0,0,0
2026-01-10,meta_prospecting_founder,meta,30941,22100,236,6,1,1,0
2026-01-10,meta_retargeting_webinar,meta,9940,7100,81,3,3,0,1
2026-01-11,FB-Broad,meta,17598,12569,128,8,0,2,0
2026-01-11,google_brand_search,google,7520,1566,69,0,0,1,0
2026-01-11,google_nonbrand_growth,google,24510,5106,258,1,2,0,1
2026-01-11,linkedin_ceo_abm,linkedin,24230,4659,30,3,0,0,0
2026-01-11,meta_prospecting_founder,meta,33047,23605,270,5,2,2,0
2026-01-11,meta_retargeting_webinar,meta,9140,6528,73,3,2,1,1
2026-01-12,FB-Broad,meta,16833,12023,141,3,1,0,0
2026-01-12,google_brand_search,google,6739,1403,70,4,1,1,0
2026-01-12,google_nonbrand_growth,google,21304,4438,201,3,0,0,0
2026-01-12,linkedin_ceo_abm,linkedin,26245,5047,34,0,2,0,0
2026-01-12,meta_prospecting_founder,meta,31354,22395,235,3,1,0,0
2026-01-12,meta_retargeting_webinar,meta,10220,7300,92,6,1,1,0
2026-01-13,FB-Broad,meta,16133,11523,110,7,3,0,0
2026-01-13,google_brand_search,google,6253,1302,64,2,2,0,0
2026-01-13,google_nonbrand_growth,google,21940,4570,202,0,2,1,0
2026-01-13,linkedin_ceo_abm,linkedin,26820,5157,36,2,0,0,0
2026-01-13,meta_prospecting_founder,meta,34431,24593,280,8,0,1,0
2026-01-13,meta_retargeting_webinar,meta,9761,6972,73,2,2,1,0
2026-01-14,FB-Broad,meta,16923,12087,113,7,0,0,0
2026-01-14,google_brand_search,google,6595,1373,66,5,3,0,0
2026-01-14,google_nonbrand_growth,google,24374,5077,235,1,0,0,0
2026-01-14,linkedin_ceo_abm,linkedin,26130,5025,34,0,0,1,0
2026-01-14,meta_prospecting_founder,meta,33402,23858,301,5,0,2,0
2026-01-14,meta_retargeting_webinar,meta,9270,6621,67,5,1,0,0
2026-01-15,FB-Broad,meta,16124,11517,132,1,0,1,0
2026-01-15,google_brand_search,google,6819,1420,78,4,1,0,0
2026-01-15,google_nonbrand_growth,google,20687,4309,243,9,0,1,0
2026-01-15,linkedin_ceo_abm,linkedin,24153,4644,31,2,0,0,0
2026-01-15,meta_prospecting_founder,meta,31754,22681,223,8,1,0,0
2026-01-15,meta_retargeting_webinar,meta,8544,6102,60,4,1,2,0
2026-01-16,FB-Broad,meta,17767,12690,151,3,0,0,0
2026-01-16,google_brand_search,google,6512,1356,60,4,1,0,0
2026-01-16,google_nonbrand_growth,google,23710,4939,262,7,2,0,0
2026-01-16,linkedin_ceo_abm,linkedin,23428,4505,33,2,1,0,0
2026-01-16,meta_prospecting_founder,meta,32496,23211,264,9,3,0,0
2026-01-16,meta_retargeting_webinar,meta,9992,7137,76,2,1,0,0
2026-01-17,FB-Broad,meta,16417,11726,121,7,0,1,0
2026-01-17,google_brand_search,google,7374,1536,68,2,2,2,0
2026-01-17,google_nonbrand_growth,google,21563,4492,238,2,1,0,0
2026-01-17,linkedin_ceo_abm,linkedin,27882,5361,37,0,0,0,0
2026-01-17,meta_prospecting_founder,meta,31515,22510,234,6,1,0,0
2026-01-17,meta_retargeting_webinar,meta,8408,6005,67,0,1,1,0
2026-01-18,FB-Broad,meta,15031,10736,102,1,2,0,0
2026-01-18,google_brand_search,google,6210,1293,63,3,1,1,0
2026-01-18,google_nonbrand_growth,google,24387,5080,236,5,2,0,0
2026-01-18,linkedin_ceo_abm,linkedin,23648,4547,26,2,0,0,0
2026-01-18,meta_prospecting_founder,meta,31742,22672,255,6,3,0,0
2026-01-18,meta_retargeting_webinar,meta,9778,6984,71,3,0,1,1
2026-01-19,FB-Broad,meta,16348,11677,139,1,0,0,0
2026-01-19,google_brand_search,google,7473,1556,69,3,1,1,0
2026-01-19,google_nonbrand_growth,google,22535,4694,263,6,3,1,0
2026-01-19,linkedin_ceo_abm,linkedin,24825,4774,35,2,0,1,0
2026-01-19,meta_prospecting_founder,meta,29053,20752,240,10,0,0,0
2026-01-19,meta_retargeting_webinar,meta,9002,6430,72,2,1,1,0
2026-01-20,FB-Broad,meta,15374,10981,110,4,0,1,0
2026-01-20,google_brand_search,google,7131,1485,78,3,1,1,0
2026-01-20,google_nonbrand_growth,google,22944,4780,242,7,3,1,0
2026-01-20,linkedin_ceo_abm,linkedin,23987,4612,28,2,1,0,0
2026-01-20,meta_prospecting_founder,meta,35469,25335,308,14,3,1,0
2026-01-20,meta_retargeting_webinar,meta,8831,6307,78,4,0,0,0
2026-01-21,FB-Broad,meta,17244,12317,135,8,0,0,0
2026-01-21,google_brand_search,google,6342,1321,66,4,1,0,0
2026-01-21,google_nonbrand_growth,google,22686,4726,252,2,0,1,0
2026-01-21,linkedin_ceo_abm,linkedin,25828,4966,34,3,1,0,0
2026-01-21,meta_prospecting_founder,meta,31870,22764,273,7,5,0,0
2026-01-21,meta_retargeting_webinar,meta,10153,7252,81,7,2,1,0
2026-01-22,FB-Broad,meta,17145,12246,143,6,0,1,1
2026-01-22,google_brand_search,google,6847,1426,79,3,1,0,0
2026-01-22,google_nonbrand_growth,google,23432,4881,220,1,0,0,0
2026-01-22,linkedin_ceo_abm,linkedin,25600,4923,29,4,2,0,0
2026-01-22,meta_prospecting_founder,meta,31658,22612,285,10,4,3,0
2026-01-22,meta_retargeting_webinar,meta,8619,6156,63,0,2,1,0
2026-01-23,FB-Broad,meta,15678,11198,133,4,3,0,1
2026-01-23,google_brand_search,google,6422,1337,63,2,2,0,0
2026-01-23,google_nonbrand_growth,google,21356,4449,249,2,1,0,0
2026-01-23,linkedin_ceo_abm,linkedin,26736,5141,30,2,0,0,0
2026-01-23,meta_prospecting_founder,meta,34321,24514,290,9,6,1,0
2026-01-23,meta_retargeting_webinar,meta,8808,6291,62,3,1,0,0
2026-01-24,FB-Broad,meta,16095,11496,141,3,0,0,0
2026-01-24,google_brand_search,google,7414,1544,79,2,0,0,1
2026-01-24,google_nonbrand_growth,google,20248,4218,187,1,1,3,0
2026-01-24,linkedin_ceo_abm,linkedin,25703,4942,35,2,0,1,0
2026-01-24,meta_prospecting_founder,meta,30248,21605,249,5,2,3,0
2026-01-24,meta_retargeting_webinar,meta,9526,6804,79,2,1,0,0
2026-01-25,FB-Broad,meta,16942,12101,134,2,0,0,0
2026-01-25,google_brand_search,google,6652,1385,73,1,2,0,1
2026-01-25,google_nonbrand_growth,google,22033,4590,207,4,0,0,0
2026-01-25,linkedin_ceo_abm,linkedin,24197,4653,27,1,3,1,0
2026-01-25,meta_prospecting_founder,meta,30104,21502,248,4,4,0,0
2026-01-25,meta_retargeting_webinar,meta,9163,6545,79,3,2,0,0
2026-01-26,FB-Broad,meta,15091,10779,107,2,0,1,0
2026-01-26,google_brand_search,google,6308,1314,66,5,1,0,0
2026-01-26,google_nonbrand_growth,google,21677,4516,239,1,1,0,0
2026-01-26,linkedin_ceo_abm,linkedin,26249,5047,36,2,0,0,0
2026-01-26,meta_prospecting_founder,meta,29703,21216,232,8,3,2,0
2026-01-26,meta_retargeting_webinar,meta,9616,6868,83,5,1,1,0
2026-01-27,FB-Broad,meta,18221,13015,128,5,0,0,0
2026-01-27,google_brand_search,google,6188,1289,68,4,1,0,0
2026-01-27,google_nonbrand_growth,google,24097,5020,278,4,0,1,0
2026-01-27,linkedin_ceo_abm,linkedin,23767,4570,31,1,0,0,0
2026-01-27,meta_prospecting_founder,meta,29091,20779,250,14,0,0,0
2026-01-27,meta_retargeting_webinar,meta,8865,6332,75,2,0,0,0
2026-01-28,FB-Broad,meta,15862,11330,141,2,0,0,0
2026-01-28,google_brand_search,google,6266,1305,65,7,3,0,1
2026-01-28,google_nonbrand_growth,google,24362,5075,242,9,1,0,1
2026-01-28,linkedin_ceo_abm,linkedin,24208,4655,32,6,1,0,0
2026-01-28,meta_prospecting_founder,meta,29724,21231,240,8,4,2,0
2026-01-28,meta_retargeting_webinar,meta,9712,6937,84,5,2,0,0
2026-01-29,FB-Broad,meta,15187,10847,105,9,1,0,0
2026-01-29,google_brand_search,google,6903,1438,82,4,3,1,0
2026-01-29,google_nonbrand_growth,google,21169,4410,198,1,2,0,0
2026-01-29,linkedin_ceo_abm,linkedin,26541,5104,35,1,2,0,0
2026-01-29,meta_prospecting_founder,meta,31799,22713,286,8,2,1,0
2026-01-29,meta_retargeting_webinar,meta,9064,6474,69,4,1,0,0
2026-01-30,FB-Broad,meta,15904,11360,124,3,0,0,0
2026-01-30,google_brand_search,google,6499,1353,62,2,1,1,0
2026-01-30,google_nonbrand_growth,google,24632,5131,230,2,1,1,0
2026-01-30,linkedin_ceo_abm,linkedin,23856,4587,32,2,2,1,1
2026-01-30,meta_prospecting_founder,meta,31863,22759,276,8,2,0,0
2026-01-30,meta_retargeting_webinar,meta,9156,6540,76,2,0,0,0
2026-01-31,FB-Broad,meta,16299,11642,135,4,1,1,0
2026-01-31,google_brand_search,google,6593,1373,62,0,0,1,0
2026-01-31,google_nonbrand_growth,google,21702,4521,248,1,0,0,0
2026-01-31,linkedin_ceo_abm,linkedin,25368,4878,27,0,1,1,0
2026-01-31,meta_prospecting_founder,meta,32417,23155,223,6,0,0,0
2026-01-31,meta_retargeting_webinar,meta,9820,7014,66,2,1,1,0
2026-02-01,FB-Broad,meta,15478,11055,117,5,1,0,0
2026-02-01,google_brand_search,google,7294,1519,89,1,3,1,0
2026-02-01,google_nonbrand_growth,google,17841,3716,167,1,1,1,0
2026-02-01,linkedin_ceo_abm,linkedin,23716,4560,31,3,1,0,0
2026-02-01,meta_prospecting_founder,meta,29228,20877,210,4,0,2,0
2026-02-01,meta_retargeting_webinar,meta,8596,6140,64,3,2,1,1
2026-02-02,FB-Broad,meta,16287,11633,120,4,0,0,0
2026-02-02,google_brand_search,google,6802,1417,78,2,0,1,0
2026-02-02,google_nonbrand_growth,google,17652,3677,205,4,0,0,1
2026-02-02,linkedin_ceo_abm,linkedin,23534,4525,29,1,0,2,0
2026-02-02,meta_prospecting_founder,meta,29497,21069,234,13,2,1,1
2026-02-02,meta_retargeting_webinar,meta,9500,6785,64,3,0,0,0
2026-02-03,FB-Broad,meta,15817,11297,140,3,1,0,0
2026-02-03,google_brand_search,google,6773,1411,82,2,1,0,0
2026-02-03,google_nonbrand_growth,google,17541,3654,189,2,1,1,0
2026-02-03,linkedin_ceo_abm,linkedin,26718,5138,29,1,1,1,0
2026-02-03,meta_prospecting_founder,meta,35559,25399,248,12,2,0,0
2026-02-03,meta_retargeting_webinar,meta,8574,6124,67,4,0,1,0
2026-02-04,FB-Broad,meta,16209,11577,132,3,1,2,0
2026-02-04,google_brand_search,google,7303,1521,80,3,0,0,0
2026-02-04,google_nonbrand_growth,google,20309,4231,221,3,1,0,0
2026-02-04,linkedin_ceo_abm,linkedin,26881,5169,34,1,1,0,0
2026-02-04,meta_prospecting_founder,meta,29752,21251,264,10,3,1,0
2026-02-04,meta_retargeting_webinar,meta,9774,6981,88,5,1,0,0
2026-02-05,FB-Broad,meta,17684,12631,125,4,1,0,0
2026-02-05,google_brand_search,google,7477,1557,77,1,2,0,0
2026-02-05,google_nonbrand_growth,google,17740,3695,189,2,2,0,0
2026-02-05,linkedin_ceo_abm,linkedin,28060,5396,39,1,2,1,0
2026-02-05,meta_prospecting_founder,meta,29700,21214,252,9,1,2,1
2026-02-05,meta_retargeting_webinar,meta,8603,6145,69,1,3,0,0
2026-02-06,FB-Broad,meta,16420,11728,140,3,1,0,0
2026-02-06,google_brand_search,google,7517,1566,82,2,1,1,0
2026-02-06,google_nonbrand_growth,google,17500,3645,194,1,1,0,0
2026-02-06,linkedin_ceo_abm,linkedin,24967,4801,26,4,1,1,0
2026-02-06,meta_prospecting_founder,meta,30864,22045,255,4,2,0,0
2026-02-06,meta_retargeting_webinar,meta,8559,6113,66,2,2,1,0
2026-02-07,FB-Broad,meta,18294,13067,131,4,1,0,0
2026-02-07,google_brand_search,google,6702,1396,78,4,0,0,0
2026-02-07,google_nonbrand_growth,google,20252,4219,239,2,0,1,0
2026-02-07,linkedin_ceo_abm,linkedin,27995,5383,31,0,0,1,0
2026-02-07,meta_prospecting_founder,meta,35218,25155,269,2,0,2,0
2026-02-07,meta_retargeting_webinar,meta,10138,7241,79,2,0,0,0
2026-02-08,FB-Broad,meta,15484,11060,120,4,0,0,0
2026-02-08,google_brand_search,google,7091,1477,74,2,2,0,0
2026-02-08,google_nonbrand_growth,google,18458,3845,228,3,1,0,0
2026-02-08,linkedin_ceo_abm,linkedin,26900,5173,34,1,2,1,0
2026-02-08,meta_prospecting_founder,meta,35207,25147,259,12,0,0,0
2026-02-08,meta_retargeting_webinar,meta,8877,6340,70,1,0,1,0
2026-02-09,FB-Broad,meta,18314,13081,141,5,0,0,0
2026-02-09,google_brand_search,google,6838,1424,67,5,3,0,0
2026-02-09,google_nonbrand_growth,google,20832,4340,234,2,0,0,0
2026-02-09,linkedin_ceo_abm,linkedin,25984,4996,28,3,0,0,0
2026-02-09,meta_prospecting_founder,meta,31016,22154,279,2,1,1,0
2026-02-09,meta_retargeting_webinar,meta,9010,6435,70,5,1,0,0
2026-02-10,FB-Broad,meta,17533,12523,135,1,1,1,0
2026-02-10,google_brand_search,google,7412,1544,68,3,0,1,0
2026-02-10,google_nonbrand_growth,google,17696,3686,189,3,0,0,0
2026-02-10,linkedin_ceo_abm,linkedin,25100,4826,32,2,0,1,0
2026-02-10,meta_prospecting_founder,meta,35627,25447,272,8,1,0,0
2026-02-10,meta_retargeting_webinar,meta,9743,6959,73,5,2,1,0
2026-02-11,FB-Broad,meta,16681,11915,111,5,0,0,0
2026-02-11,google_brand_search,google,6347,1322,65,3,4,2,0
2026-02-11,google_nonbrand_growth,google,20625,4296,238,2,1,0,0
2026-02-11,linkedin_ceo_abm,linkedin,25683,4939,31,3,0,0,0
2026-02-11,meta_prospecting_founder,meta,29678,21198,218,3,2,1,0
2026-02-11,meta_retargeting_webinar,meta,8818,6298,64,3,0,0,0
2026-02-12,FB-Broad,meta,15025,10732,124,3,2,0,0
2026-02-12,google_brand_search,google,6268,1305,63,3,0,1,0
2026-02-12,google_nonbrand_growth,google,17498,3645,196,4,0,0,0
2026-02-12,linkedin_ceo_abm,linkedin,23029,4428,25,0,2,0,0
2026-02-12,meta_prospecting_founder,meta,31226,22304,239,9,2,1,0
2026-02-12,meta_retargeting_webinar,meta,9583,6845,69,2,2,1,0
2026-02-13,FB-Broad,meta,15329,10949,108,4,0,0,0
2026-02-13,google_brand_search,google,6403,1333,69,3,2,1,0
2026-02-13,google_nonbrand_growth,google,19817,4128,209,2,0,0,0
2026-02-13,linkedin_ceo_abm,linkedin,25886,4978,32,0,0,0,0
2026-02-13,meta_prospecting_founder,meta,32116,22940,270,7,1,1,0
2026-02-13,meta_retargeting_webinar,meta,10220,7300,85,7,0,0,0
2026-02-14,FB-Broad,meta,17150,12250,131,6,2,1,0
2026-02-14,google_brand_search,google,6532,1360,78,0,1,0,0
2026-02-14,google_nonbrand_growth,google,17402,3625,199,2,1,0,0
2026-02-14,linkedin_ceo_abm,linkedin,27442,5277,29,1,0,0,0
2026-02-14,meta_prospecting_founder,meta,35009,25006,308,5,2,1,0
2026-02-14,meta_retargeting_webinar,meta,9465,6760,74,3,1,1,0
2026-02-15,FB-Broad,meta,16168,11548,108,4,2,1,0
2026-02-15,google_brand_search,google,7518,1566,77,1,0,1,0
2026-02-15,google_nonbrand_growth,google,20223,4213,186,1,1,0,0
2026-02-15,linkedin_ceo_abm,linkedin,25088,4824,33,1,1,2,0
2026-02-15,meta_prospecting_founder,meta,32177,22983,288,5,4,0,1
2026-02-15,meta_retargeting_webinar,meta,9867,7047,85,0,3,0,0
2026-02-16,FB-Broad,meta,15227,10876,130,4,4,0,0
2026-02-16,google_brand_search,google,7422,1546,69,8,3,1,0
2026-02-16,google_nonbrand_growth,google,20408,4251,207,1,0,0,1
2026-02-16,linkedin_ceo_abm,linkedin,26345,5066,31,1,0,0,0
2026-02-16,meta_prospecting_founder,meta,34159,24399,256,8,1,1,0
2026-02-16,meta_retargeting_webinar,meta,9646,6890,85,6,0,0,0
2026-02-17,FB-Broad,meta,15248,10891,121,4,0,1,0
2026-02-17,google_brand_search,google,6344,1321,73,1,2,0,0
2026-02-17,google_nonbrand_growth,google,19196,3999,195,4,0,1,0
2026-02-17,linkedin_ceo_abm,linkedin,23375,4495,26,1,0,1,0
2026-02-17,meta_prospecting_founder,meta,35172,25122,301,10,3,3,0
2026-02-17,meta_retargeting_webinar,meta,9363,6687,78,4,0,1,0
2026-02-18,FB-Broad,meta,16680,11914,137,4,3,1,0
2026-02-18,google_brand_search,google,7326,1526,71,1,2,0,0
2026-02-18,google_nonbrand_growth,google,18220,3795,192,5,1,0,0
2026-02-18,linkedin_ceo_abm,linkedin,26748,5143,31,3,0,0,0
2026-02-18,meta_prospecting_founder,meta,30196,21568,228,7,2,1,0
2026-02-18,meta_retargeting_webinar,meta,9976,7125,84,1,3,1,0
2026-02-19,FB-Broad,meta,15872,11337,133,1,0,1,0
2026-02-19,google_brand_search,google,7344,1530,90,1,1,1,0
2026-02-19,google_nonbrand_growth,google,18414,3836,195,3,0,0,0
2026-02-19,linkedin_ceo_abm,linkedin,24050,4625,29,0,1,0,0
2026-02-19,meta_prospecting_founder,meta,33093,23637,275,5,2,0,0
2026-02-19,meta_retargeting_webinar,meta,8983,6416,65,2,0,0,0
2026-02-20,FB-Broad,meta,15648,11177,115,5,2,0,0
2026-02-20,google_brand_search,google,6552,1365,77,6,1,0,0
2026-02-20,google_nonbrand_growth,google,19182,3996,196,2,0,0,0
2026-02-20,linkedin_ceo_abm,linkedin,25181,4842,28,0,0,0,0
2026-02-20,meta_prospecting_founder,meta,29505,21075,238,6,1,1,0
2026-02-20,meta_retargeting_webinar,meta,9096,6497,80,1,3,0,0
2026-02-21,FB-Broad,meta,17178,12270,151,3,0,1,0
2026-02-21,google_brand_search,google,7051,1468,76,0,2,4,0
2026-02-21,google_nonbrand_growth,google,18026,3755,179,2,0,0,0
2026-02-21,linkedin_ceo_abm,linkedin,23532,4525,25,1,1,0,0
2026-02-21,meta_prospecting_founder,meta,29391,20993,255,4,0,1,0
2026-02-21,meta_retargeting_webinar,meta,9098,6498,66,4,0,0,0
2026-02-22,FB-Broad,meta,17684,12631,140,1,0,0,0
2026-02-22,google_brand_search,google,7351,1531,68,4,1,0,0
2026-02-22,google_nonbrand_growth,google,19492,4060,238,0,0,0,0
2026-02-22,linkedin_ceo_abm,linkedin,27715,5329,32,4,2,0,0
2026-02-22,meta_prospecting_founder,meta,32926,23518,252,5,1,0,1
2026-02-22,meta_retargeting_webinar,meta,8670,6192,70,1,0,1,0
2026-02-23,FB-Broad,meta,14970,10692,134,7,1,1,0
2026-02-23,google_brand_search,google,7025,1463,73,1,1,0,1
2026-02-23,google_nonbrand_growth,google,17709,3689,166,3,0,0,0
2026-02-23,linkedin_ceo_abm,linkedin,25645,4931,34,2,1,0,0
2026-02-23,meta_prospecting_founder,meta,30716,21940,275,9,1,1,0
2026-02-23,meta_retargeting_webinar,meta,9841,7029,87,5,4,0,0
2026-02-24,FB-Broad,meta,16659,11899,113,5,1,2,0
2026-02-24,google_brand_search,google,7110,1481,67,2,2,2,0
2026-02-24,google_nonbrand_growth,google,19581,4079,204,4,1,0,0
2026-02-24,linkedin_ceo_abm,linkedin,27023,5196,33,1,0,2,1
2026-02-24,meta_prospecting_founder,meta,32964,23545,264,7,2,1,0
2026-02-24,meta_retargeting_webinar,meta,9958,7112,78,3,1,0,0
2026-02-25,FB-Broad,meta,15242,10887,103,9,1,1,0
2026-02-25,google_brand_search,google,6742,1404,80,4,2,0,0
2026-02-25,google_nonbrand_growth,google,20239,4216,219,4,1,0,0
2026-02-25,linkedin_ceo_abm,linkedin,23546,4528,27,3,1,1,0
2026-02-25,meta_prospecting_founder,meta,31271,22336,274,12,0,1,0
2026-02-25,meta_retargeting_webinar,meta,9623,6873,84,1,1,1,2
2026-02-26,FB-Broad,meta,17370,12407,122,3,2,0,0
2026-02-26,google_brand_search,google,7248,1510,81,2,0,0,0
2026-02-26,google_nonbrand_growth,google,18806,3917,233,2,2,0,0
2026-02-26,linkedin_ceo_abm,linkedin,22988,4420,25,2,1,0,1
2026-02-26,meta_prospecting_founder,meta,34949,24963,300,7,2,0,0
2026-02-26,meta_retargeting_webinar,meta,9281,6629,80,2,2,2,0
2026-02-27,FB-Broad,meta,16926,12090,126,0,0,1,0
2026-02-27,google_brand_search,google,6913,1440,85,4,3,2,1
2026-02-27,google_nonbrand_growth,google,20091,4185,207,4,1,1,0
2026-02-27,linkedin_ceo_abm,linkedin,23545,4527,33,1,2,0,1
2026-02-27,meta_prospecting_founder,meta,34853,24895,239,4,4,1,1
2026-02-27,meta_retargeting_webinar,meta,8397,5997,75,2,0,1,0
2026-02-28,FB-Broad,meta,16563,11830,124,2,2,1,0
2026-02-28,google_brand_search,google,7373,1536,84,1,3,0,0
2026-02-28,google_nonbrand_growth,google,18602,3875,227,2,0,0,0
2026-02-28,linkedin_ceo_abm,linkedin,24195,4652,25,3,0,0,1
2026-02-28,meta_prospecting_founder,meta,29099,20785,199,6,3,1,1
2026-02-28,meta_retargeting_webinar,meta,9258,6612,80,1,0,1,0
2026-03-01,FB-Broad,meta,17953,12823,131,4,0,0,0
2026-03-01,google_brand_search,google,7191,1498,70,1,2,2,0
2026-03-01,google_nonbrand_growth,google,20670,4306,196,2,1,0,0
2026-03-01,linkedin_ceo_abm,linkedin,27123,5215,32,1,0,2,0
2026-03-01,meta_prospecting_founder,meta,32062,22901,283,3,2,1,0
2026-03-01,meta_retargeting_webinar,meta,9612,6865,73,3,0,0,0
2026-03-02,FB-Broad,meta,16331,11665,141,4,0,0,0
2026-03-02,google_brand_search,google,7505,1563,70,7,0,0,1
2026-03-02,google_nonbrand_growth,google,20812,4335,202,5,0,0,0
2026-03-02,linkedin_ceo_abm,linkedin,25645,4931,36,1,0,1,0
2026-03-02,meta_prospecting_founder,meta,29134,20810,258,10,3,1,0
2026-03-02,meta_retargeting_webinar,meta,9091,6493,67,4,0,0,0
2026-03-03,FB-Broad,meta,15217,10869,103,6,0,0,0
2026-03-03,google_brand_search,google,6636,1382,64,4,1,3,0
2026-03-03,google_nonbrand_growth,google,20792,4331,230,3,2,3,0
2026-03-03,linkedin_ceo_abm,linkedin,26082,5015,28,0,0,1,1
2026-03-03,meta_prospecting_founder,meta,29465,21046,223,5,3,0,0
2026-03-03,meta_retargeting_webinar,meta,8766,6261,63,1,3,1,0
2026-03-04,FB-Broad,meta,15180,10842,107,4,0,1,0
2026-03-04,google_brand_search,google,6274,1307,58,4,3,1,0
2026-03-04,google_nonbrand_growth,google,20761,4325,241,1,1,0,0
2026-03-04,linkedin_ceo_abm,linkedin,26061,5011,32,0,0,0,0
2026-03-04,meta_prospecting_founder,meta,29241,20886,220,9,2,0,0
2026-03-04,meta_retargeting_webinar,meta,8870,6335,60,3,0,0,0
2026-03-05,FB-Broad,meta,16178,11555,125,7,1,0,0
2026-03-05,google_brand_search,google,6746,1405,69,3,3,0,0
2026-03-05,google_nonbrand_growth,google,20679,4308,245,3,0,0,0
2026-03-05,linkedin_ceo_abm,linkedin,26168,5032,34,2,0,0,0
2026-03-05,meta_prospecting_founder,meta,33023,23587,221,7,0,4,0
2026-03-05,meta_retargeting_webinar,meta,10109,7220,82,5,2,0,1
2026-03-06,FB-Broad,meta,15730,11235,114,4,0,1,0
2026-03-06,google_brand_search,google,6757,1407,82,2,2,0,0
2026-03-06,google_nonbrand_growth,google,18760,3908,217,1,0,2,0
2026-03-06,linkedin_ceo_abm,linkedin,23178,4457,32,3,3,0,0
2026-03-06,meta_prospecting_founder,meta,34656,24754,247,8,3,1,0
2026-03-06,meta_retargeting_webinar,meta,9548,6820,85,3,2,0,0
2026-03-07,FB-Broad,meta,15159,10827,113,1,1,0,0
2026-03-07,google_brand_search,google,7552,1573,83,3,3,3,0
2026-03-07,google_nonbrand_growth,google,19676,4099,203,2,0,1,0
2026-03-07,linkedin_ceo_abm,linkedin,25540,4911,28,2,2,0,0
2026-03-07,meta_prospecting_founder,meta,33624,24017,247,4,1,0,0
2026-03-07,meta_retargeting_webinar,meta,9449,6749,82,3,2,0,0
2026-03-08,FB-Broad,meta,17139,12242,140,4,1,0,0
2026-03-08,google_brand_search,google,6475,1348,70,2,2,0,1
2026-03-08,google_nonbrand_growth,google,18158,3782,208,1,1,0,0
2026-03-08,linkedin_ceo_abm,linkedin,26523,5100,35,2,2,2,0
2026-03-08,meta_prospecting_founder,meta,35378,25270,308,8,3,1,0
2026-03-08,meta_retargeting_webinar,meta,9397,6712,80,2,1,0,0
2026-03-09,FB-Broad,meta,15229,10877,109,4,2,1,0
2026-03-09,google_brand_search,google,7343,1529,68,4,1,1,0
2026-03-09,google_nonbrand_growth,google,20335,4236,237,1,0,0,0
2026-03-09,linkedin_ceo_abm,linkedin,26105,5020,29,2,0,0,0
2026-03-09,meta_prospecting_founder,meta,32706,23361,283,9,3,1,0
2026-03-09,meta_retargeting_webinar,meta,9537,6812,79,2,1,0,0
2026-03-10,FB-Broad,meta,15887,11347,109,3,0,1,2
2026-03-10,google_brand_search,google,7329,1526,85,2,2,2,1
2026-03-10,google_nonbrand_growth,google,20860,4345,254,3,0,0,0
2026-03-10,linkedin_ceo_abm,linkedin,25042,4815,35,1,0,0,0
2026-03-10,meta_prospecting_founder,meta,35080,25057,276,10,0,0,0
2026-03-10,meta_retargeting_webinar,meta,8865,6332,74,1,0,1,0
2026-03-11,FB-Broad,meta,17509,12506,154,3,0,0,0
2026-03-11,google_brand_search,google,7260,1512,73,3,2,1,1
2026-03-11,google_nonbrand_growth,google,19577,4078,189,4,2,0,0
2026-03-11,linkedin_ceo_abm,linkedin,23217,4464,33,4,0,2,0
2026-03-11,meta_prospecting_founder,meta,31047,22176,216,6,1,2,1
2026-03-11,meta_retargeting_webinar,meta,9696,6925,75,4,1,1,0
2026-03-12,FB-Broad,meta,17559,12542,135,1,1,0,0
2026-03-12,google_brand_search,google,6735,1403,65,0,0,1,1
2026-03-12,google_nonbrand_growth,google,20643,4300,248,5,0,0,0
2026-03-12,linkedin_ceo_abm,linkedin,27763,5339,31,3,1,0,0
2026-03-12,meta_prospecting_founder,meta,35426,25304,294,10,1,0,0
2026-03-12,meta_retargeting_webinar,meta,8987,6419,72,3,0,0,0
2026-03-13,FB-Broad,meta,16111,11507,137,3,0,0,0
2026-03-13,google_brand_search,google,6730,1402,74,3,2,0,0
2026-03-13,google_nonbrand_growth,google,20519,4274,245,4,1,0,0
2026-03-13,linkedin_ceo_abm,linkedin,24211,4655,25,1,2,0,1
2026-03-13,meta_prospecting_founder,meta,33096,23639,227,9,4,0,0
2026-03-13,meta_retargeting_webinar,meta,10100,7214,84,4,2,0,0
2026-03-14,FB-Broad,meta,17050,12178,114,1,0,0,0
2026-03-14,google_brand_search,google,6404,1334,79,1,2,0,0
2026-03-14,google_nonbrand_growth,google,18189,3789,192,1,0,1,0
2026-03-14,linkedin_ceo_abm,linkedin,27814,5348,34,1,0,1,0
2026-03-14,meta_prospecting_founder,meta,30601,21857,227,2,1,0,0
2026-03-14,meta_retargeting_webinar,meta,9622,6872,64,3,2,0,0
2026-03-15,FB-Broad,meta,0,0,0,0,0,0,1
2026-03-15,google_brand_search,google,6829,1422,70,1,1,1,0
2026-03-15,google_nonbrand_growth,google,18696,3895,203,2,2,0,0
2026-03-15,linkedin_ceo_abm,linkedin,26592,5113,31,0,0,0,1
2026-03-15,meta_prospecting_founder,meta,35625,25446,273,4,1,0,1
2026-03-15,meta_retargeting_webinar,meta,8474,6052,65,3,1,0,0
2026-03-16,FB-Broad,meta,0,0,0,0,0,0,1
2026-03-16,google_brand_search,google,6247,1301,59,3,0,1,0
2026-03-16,google_nonbrand_growth,google,18095,3769,177,1,1,0,0
2026-03-16,linkedin_ceo_abm,linkedin,23854,4587,31,2,1,0,0
2026-03-16,meta_prospecting_founder,meta,33436,23882,287,9,0,0,1
2026-03-16,meta_retargeting_webinar,meta,9675,6910,76,2,1,1,0
2026-03-17,FB-Broad,meta,0,0,0,0,0,0,0
2026-03-17,google_brand_search,google,6640,1383,80,5,1,0,0
2026-03-17,google_nonbrand_growth,google,21054,4386,199,6,1,1,0
2026-03-17,linkedin_ceo_abm,linkedin,27899,5365,35,3,1,2,0
2026-03-17,meta_prospecting_founder,meta,29241,20886,203,5,2,0,0
2026-03-17,meta_retargeting_webinar,meta,9570,6835,81,1,1,1,0
2026-03-18,google_brand_search,google,6764,1409,63,2,2,0,0
2026-03-18,google_nonbrand_growth,google,19164,3992,193,1,2,0,0
2026-03-18,linkedin_ceo_abm,linkedin,24200,4653,29,3,0,0,0
2026-03-18,meta_prospecting_founder,meta,34956,24968,264,6,1,1,0
2026-03-18,meta_retargeting_webinar,meta,8577,6126,75,3,1,1,0
2026-03-19,FB-Broad,meta,0,0,0,0,0,0,1
2026-03-19,google_brand_search,google,6941,1446,76,2,2,1,0
2026-03-19,google_nonbrand_growth,google,17333,3611,206,5,1,0,0
2026-03-19,linkedin_ceo_abm,linkedin,25918,4984,27,3,4,0,0
2026-03-19,meta_prospecting_founder,meta,32820,23442,268,7,2,1,0
2026-03-19,meta_retargeting_webinar,meta,9861,7043,73,3,0,0,0
2026-03-20,FB-Broad,meta,0,0,0,0,0,0,0
2026-03-20,google_brand_search,google,7008,1460,74,2,1,0,0
2026-03-20,google_nonbrand_growth,google,18871,3931,178,4,1,0,0
2026-03-20,linkedin_ceo_abm,linkedin,23464,4512,31,0,0,1,0
2026-03-20,meta_prospecting_founder,meta,34758,24827,272,9,0,1,0
2026-03-20,meta_retargeting_webinar,meta,8833,6309,78,0,0,0,0
2026-03-21,google_brand_search,google,6990,1456,78,1,4,0,0
2026-03-21,google_nonbrand_growth,google,19101,3979,201,2,0,0,1
2026-03-21,linkedin_ceo_abm,linkedin,24589,4728,26,0,0,0,0
2026-03-21,meta_prospecting_founder,meta,31467,22476,211,4,1,0,0
2026-03-21,meta_retargeting_webinar,meta,8546,6104,73,2,0,0,0
2026-03-22,google_brand_search,google,7348,1530,70,5,0,2,0
2026-03-22,google_nonbrand_growth,google,20972,4369,203,1,2,0,0
2026-03-22,linkedin_ceo_abm,linkedin,28033,5390,33,2,1,2,0
2026-03-22,meta_prospecting_founder,meta,35506,25361,297,6,0,1,0
2026-03-22,meta_retargeting_webinar,meta,9857,7040,85,1,2,1,0
2026-03-23,google_brand_search,google,6945,1446,76,5,2,1,1
2026-03-23,google_nonbrand_growth,google,18568,3868,228,5,0,1,0
2026-03-23,linkedin_ceo_abm,linkedin,24325,4677,34,2,0,0,0
2026-03-23,meta_prospecting_founder,meta,32026,22875,217,6,4,0,2
2026-03-23,meta_retargeting_webinar,meta,8759,6256,73,2,1,0,0
2026-03-24,google_brand_search,google,7067,1472,69,5,2,0,0
2026-03-24,google_nonbrand_growth,google,17695,3686,216,3,1,1,0
2026-03-24,linkedin_ceo_abm,linkedin,23529,4524,28,1,1,0,0
2026-03-24,meta_prospecting_founder,meta,33960,24257,294,6,0,2,0
2026-03-24,meta_retargeting_webinar,meta,10013,7152,80,3,0,0,0
2026-03-25,google_brand_search,google,6746,1405,80,3,3,0,0
2026-03-25,google_nonbrand_growth,google,20491,4268,233,4,1,0,1
2026-03-25,linkedin_ceo_abm,linkedin,27579,5303,31,1,0,1,0
2026-03-25,meta_prospecting_founder,meta,29956,21397,254,9,3,1,0
2026-03-25,meta_retargeting_webinar,meta,9954,7110,73,3,1,0,1
2026-03-26,google_brand_search,google,6446,1342,70,0,3,1,0
2026-03-26,google_nonbrand_growth,google,19616,4086,198,4,2,0,0
2026-03-26,linkedin_ceo_abm,linkedin,24432,4698,30,2,1,0,0
2026-03-26,meta_prospecting_founder,meta,32988,23562,268,9,0,1,0
2026-03-26,meta_retargeting_webinar,meta,10145,7246,75,2,0,0,0
2026-03-27,google_brand_search,google,6473,1348,65,2,0,2,0
2026-03-27,google_nonbrand_growth,google,19336,4028,212,3,1,1,0
2026-03-27,linkedin_ceo_abm,linkedin,27493,5287,36,1,1,0,0
2026-03-27,meta_prospecting_founder,meta,35428,25305,274,11,2,0,1
2026-03-27,meta_retargeting_webinar,meta,8796,6282,61,4,1,0,0
2026-03-28,google_brand_search,google,6569,1368,63,4,1,0,0
2026-03-28,google_nonbrand_growth,google,17987,3747,195,1,1,0,0
2026-03-28,linkedin_ceo_abm,linkedin,22915,4406,29,1,0,1,1
2026-03-28,meta_prospecting_founder,meta,32538,23241,270,2,0,0,0
2026-03-28,meta_retargeting_webinar,meta,8365,5975,56,1,0,0,0
2026-03-29,google_brand_search,google,7276,1515,71,3,1,3,2
2026-03-29,google_nonbrand_growth,google,18973,3952,178,2,0,0,0
2026-03-29,linkedin_ceo_abm,linkedin,26966,5185,36,1,2,0,0
2026-03-29,meta_prospecting_founder,meta,33483,23916,249,2,1,1,0
2026-03-29,meta_retargeting_webinar,meta,8518,6084,62,5,0,2,0
2026-03-30,google_brand_search,google,6535,1361,76,3,3,0,0
2026-03-30,google_nonbrand_growth,google,19493,4061,234,4,1,2,0
2026-03-30,linkedin_ceo_abm,linkedin,24528,4716,28,2,0,1,1
2026-03-30,meta_prospecting_founder,meta,32194,22995,268,10,3,0,0
2026-03-30,meta_retargeting_webinar,meta,9560,6828,79,5,1,0,0
2026-03-31,google_brand_search,google,6977,1453,78,1,2,0,0
2026-03-31,google_nonbrand_growth,google,20167,4201,227,0,0,0,0
2026-03-31,linkedin_ceo_abm,linkedin,26762,5146,36,3,2,1,0
2026-03-31,meta_prospecting_founder,meta,34716,24797,239,10,1,1,1
2026-03-31,meta_retargeting_webinar,meta,10112,7222,82,2,1,0,0
2026-04-01,google_brand_search,google,7113,1481,81,3,0,0,0
2026-04-01,google_nonbrand_growth,google,20839,4341,251,2,0,0,0
2026-04-01,linkedin_ceo_abm,linkedin,26171,5032,29,2,1,1,0
2026-04-01,meta_prospecting_founder,meta,37406,26718,307,12,2,1,0
2026-04-01,meta_retargeting_webinar,meta,9065,6475,68,3,2,0,0
2026-04-02,google_brand_search,google,7207,1501,78,4,2,0,0
2026-04-02,google_nonbrand_growth,google,19349,4031,233,3,1,0,0
2026-04-02,linkedin_ceo_abm,linkedin,26252,5048,31,3,3,0,0
2026-04-02,meta_prospecting_founder,meta,40974,29267,340,8,1,1,0
2026-04-02,meta_retargeting_webinar,meta,8630,6164,71,2,0,1,0
2026-04-03,google_brand_search,google,6164,1284,75,3,1,0,0
2026-04-03,google_nonbrand_growth,google,17968,3743,203,4,0,1,0
2026-04-03,linkedin_ceo_abm,linkedin,23444,4508,26,1,1,3,1
2026-04-03,meta_prospecting_founder,meta,37231,26593,287,10,3,1,0
2026-04-03,meta_retargeting_webinar,meta,9800,7000,74,5,1,0,0
2026-04-04,google_brand_search,google,7146,1488,77,1,2,1,0
2026-04-04,google_nonbrand_growth,google,20536,4278,253,1,1,0,0
2026-04-04,linkedin_ceo_abm,linkedin,26416,5080,32,2,1,0,0
2026-04-04,meta_prospecting_founder,meta,41593,29709,284,7,2,0,0
2026-04-04,meta_retargeting_webinar,meta,9604,6860,82,1,1,0,0
2026-04-05,google_brand_search,google,7325,1526,82,4,1,1,1
2026-04-05,google_nonbrand_growth,google,17394,3623,182,1,0,1,0
2026-04-05,linkedin_ceo_abm,linkedin,26582,5111,32,2,2,1,0
2026-04-05,meta_prospecting_founder,meta,36885,26346,330,3,3,0,0
2026-04-05,meta_retargeting_webinar,meta,9346,6675,82,1,0,0,0
2026-04-06,google_brand_search,google,6291,1310,60,5,1,0,0
2026-04-06,google_nonbrand_growth,google,19209,4001,210,4,0,0,0
2026-04-06,linkedin_ceo_abm,linkedin,26557,5107,36,3,0,1,0
2026-04-06,meta_prospecting_founder,meta,35839,25599,276,13,2,1,0
2026-04-06,meta_retargeting_webinar,meta,8708,6220,63,2,0,0,0
2026-04-07,google_brand_search,google,6575,1369,68,3,3,2,0
2026-04-07,google_nonbrand_growth,google,19313,4023,225,6,3,0,0
2026-04-07,linkedin_ceo_abm,linkedin,27977,5380,38,1,1,0,1
2026-04-07,meta_prospecting_founder,meta,42481,30343,350,13,2,1,0
2026-04-07,meta_retargeting_webinar,meta,8892,6351,65,3,0,0,0
2026-04-08,google_brand_search,google,6613,1377,80,2,1,0,0
2026-04-08,google_nonbrand_growth,google,18490,3852,210,2,0,0,0
2026-04-08,linkedin_ceo_abm,linkedin,26367,5070,35,2,0,1,0
2026-04-08,meta_prospecting_founder,meta,37739,26956,268,8,2,2,0
2026-04-08,meta_retargeting_webinar,meta,9635,6882,78,6,0,0,0
2026-04-09,google_brand_search,google,7415,1544,84,5,0,0,0
2026-04-09,google_nonbrand_growth,google,20983,4371,201,2,1,0,0
2026-04-09,linkedin_ceo_abm,linkedin,26879,5169,31,2,0,1,0
2026-04-09,meta_prospecting_founder,meta,41458,29612,318,12,2,0,0
2026-04-09,meta_retargeting_webinar,meta,8904,6360,75,5,2,0,0
2026-04-10,google_brand_search,google,7219,1503,74,5,1,1,1
2026-04-10,google_nonbrand_growth,google,20628,4297,211,2,0,0,0
2026-04-10,linkedin_ceo_abm,linkedin,23748,4566,31,0,1,1,0
2026-04-10,meta_prospecting_founder,meta,42582,30415,367,7,4,2,0
2026-04-10,meta_retargeting_webinar,meta,9313,6652,65,3,4,1,0
2026-04-11,google_brand_search,google,6691,1393,70,1,1,1,0
2026-04-11,google_nonbrand_growth,google,19719,4108,196,3,1,0,0
2026-04-11,linkedin_ceo_abm,linkedin,26369,5070,32,1,1,0,0
2026-04-11,meta_prospecting_founder,meta,37577,26840,291,11,0,2,0
2026-04-11,meta_retargeting_webinar,meta,9691,6922,73,2,1,0,0
2026-04-12,google_brand_search,google,6565,1367,63,2,3,0,0
2026-04-12,google_nonbrand_growth,google,20162,4200,242,1,0,0,0
2026-04-12,linkedin_ceo_abm,linkedin,26657,5126,34,0,0,0,0
2026-04-12,meta_prospecting_founder,meta,38660,27614,332,14,2,1,0
2026-04-12,meta_retargeting_webinar,meta,9063,6473,71,2,2,0,0
2026-04-13,google_brand_search,google,6994,1457,81,3,1,2,0
2026-04-13,google_nonbrand_growth,google,19229,4006,178,1,1,0,0
2026-04-13,linkedin_ceo_abm,linkedin,26451,5086,30,4,0,1,1
2026-04-13,meta_prospecting_founder,meta,38506,27504,312,11,3,0,0
2026-04-13,meta_retargeting_webinar,meta,8890,6350,64,7,1,0,0
2026-04-14,google_brand_search,google,7093,1477,87,1,1,0,1
2026-04-14,google_nonbrand_growth,google,20966,4367,206,3,2,1,0
2026-04-14,linkedin_ceo_abm,linkedin,24467,4705,28,2,0,0,0
2026-04-14,meta_prospecting_founder,meta,42269,30192,355,8,2,0,0
2026-04-14,meta_retargeting_webinar,meta,8438,6027,61,2,0,1,0
2026-04-15,google_brand_search,google,7366,1534,91,3,2,0,0
2026-04-15,google_nonbrand_growth,google,20898,4353,197,1,0,1,0
2026-04-15,linkedin_ceo_abm,linkedin,26280,5053,35,0,1,0,0
2026-04-15,meta_prospecting_founder,meta,36087,25776,266,12,2,1,0
2026-04-15,meta_retargeting_webinar,meta,9935,7096,73,7,1,0,1
2026-04-16,google_brand_search,google,6526,1359,75,3,3,1,0
2026-04-16,google_nonbrand_growth,google,18272,3806,207,2,0,0,0
2026-04-16,linkedin_ceo_abm,linkedin,26150,5028,34,2,0,1,1
2026-04-16,meta_prospecting_founder,meta,37161,26543,254,15,3,4,0
2026-04-16,meta_retargeting_webinar,meta,10034,7167,76,4,0,0,0
2026-04-17,google_brand_search,google,6625,1380,65,1,1,0,0
2026-04-17,google_nonbrand_growth,google,17990,3747,171,0,1,0,0
2026-04-17,linkedin_ceo_abm,linkedin,22887,4401,28,0,1,0,1
2026-04-17,meta_prospecting_founder,meta,41074,29338,306,9,1,0,1
2026-04-17,meta_retargeting_webinar,meta,8619,6156,59,1,5,0,0
2026-04-18,google_brand_search,google,6838,1424,82,3,2,0,0
2026-04-18,google_nonbrand_growth,google,19212,4002,208,4,0,0,0
2026-04-18,linkedin_ceo_abm,linkedin,27771,5340,39,1,3,0,0
2026-04-18,meta_prospecting_founder,meta,39382,28130,273,12,4,0,0
2026-04-18,meta_retargeting_webinar,meta,8851,6322,76,5,1,3,0
2026-04-19,google_brand_search,google,6492,1352,70,3,1,1,2
2026-04-19,google_nonbrand_growth,google,20693,4311,196,1,1,0,0
2026-04-19,linkedin_ceo_abm,linkedin,25129,4832,31,1,0,0,1
2026-04-19,meta_prospecting_founder,meta,38919,27799,301,4,6,2,0
2026-04-19,meta_retargeting_webinar,meta,9161,6543,75,7,1,1,0
2026-04-20,google_brand_search,google,6217,1295,70,8,0,3,0
2026-04-20,google_nonbrand_growth,google,18421,3837,208,2,0,0,0
2026-04-20,linkedin_ceo_abm,linkedin,23374,4495,33,2,0,0,0
2026-04-20,meta_prospecting_founder,meta,35903,25645,282,7,3,5,0
2026-04-20,meta_retargeting_webinar,meta,9794,6995,66,1,1,1,0
2026-04-21,google_brand_search,google,6326,1317,59,2,3,0,0
2026-04-21,google_nonbrand_growth,google,19212,4002,194,3,1,0,0
2026-04-21,linkedin_ceo_abm,linkedin,26031,5005,29,3,1,2,0
2026-04-21,meta_prospecting_founder,meta,40377,28840,317,10,0,2,0
2026-04-21,meta_retargeting_webinar,meta,9279,6627,72,3,1,1,0
2026-04-22,google_brand_search,google,6373,1327,73,0,2,0,0
2026-04-22,google_nonbrand_growth,google,19736,4111,196,4,1,0,0
2026-04-22,linkedin_ceo_abm,linkedin,27425,5274,31,6,1,1,0
2026-04-22,meta_prospecting_founder,meta,37546,26818,270,15,2,2,0
2026-04-22,meta_retargeting_webinar,meta,8646,6175,75,4,0,0,0
2026-04-23,google_brand_search,google,6794,1415,79,3,1,2,0
2026-04-23,google_nonbrand_growth,google,17978,3745,209,4,1,1,0
2026-04-23,linkedin_ceo_abm,linkedin,25124,4831,35,0,4,1,1
2026-04-23,meta_prospecting_founder,meta,41246,29461,350,12,2,2,0
2026-04-23,meta_retargeting_webinar,meta,8506,6075,63,2,0,1,0
2026-04-24,google_brand_search,google,6547,1363,70,1,1,1,0
2026-04-24,google_nonbrand_growth,google,19005,3959,196,3,1,0,0
2026-04-24,linkedin_ceo_abm,linkedin,23367,4493,32,1,0,1,0
2026-04-24,meta_prospecting_founder,meta,38305,27360,317,7,4,1,0
2026-04-24,meta_retargeting_webinar,meta,9340,6671,73,3,2,0,0
2026-04-25,google_brand_search,google,6420,1337,75,1,2,2,0
2026-04-25,google_nonbrand_growth,google,19483,4058,216,3,1,0,0
2026-04-25,linkedin_ceo_abm,linkedin,25869,4974,36,0,1,1,1
2026-04-25,meta_prospecting_founder,meta,40739,29099,337,10,2,1,0
2026-04-25,meta_retargeting_webinar,meta,9996,7140,85,1,1,0,0
2026-04-26,google_brand_search,google,7081,1475,81,5,2,0,0
2026-04-26,google_nonbrand_growth,google,19624,4088,189,2,0,0,0
2026-04-26,linkedin_ceo_abm,linkedin,26065,5012,34,0,0,0,0
2026-04-26,meta_prospecting_founder,meta,39930,28521,312,12,1,2,0
2026-04-26,meta_retargeting_webinar,meta,8538,6098,67,1,1,0,0
2026-04-27,google_brand_search,google,7047,1468,71,1,1,0,1
2026-04-27,google_nonbrand_growth,google,18542,3862,210,6,1,0,0
2026-04-27,linkedin_ceo_abm,linkedin,24900,4788,28,3,0,2,0
2026-04-27,meta_prospecting_founder,meta,42665,30474,325,10,4,1,0
2026-04-27,meta_retargeting_webinar,meta,9473,6766,65,4,1,0,0
2026-04-28,google_brand_search,google,6188,1289,58,2,2,1,0
2026-04-28,google_nonbrand_growth,google,18381,3829,177,2,0,1,0
2026-04-28,linkedin_ceo_abm,linkedin,24018,4618,26,2,0,0,0
2026-04-28,meta_prospecting_founder,meta,41068,29334,305,18,1,1,1
2026-04-28,meta_retargeting_webinar,meta,8537,6097,66,1,0,1,0
2026-04-29,google_brand_search,google,7065,1471,80,4,1,1,0
2026-04-29,google_nonbrand_growth,google,20188,4205,218,3,3,0,0
2026-04-29,linkedin_ceo_abm,linkedin,25894,4979,34,0,2,0,0
2026-04-29,meta_prospecting_founder,meta,36303,25930,301,11,2,0,0
2026-04-29,meta_retargeting_webinar,meta,8723,6230,64,2,1,0,0
2026-04-30,google_brand_search,google,6686,1392,69,1,1,0,0
2026-04-30,google_nonbrand_growth,google,17505,3646,166,2,1,1,0
2026-04-30,linkedin_ceo_abm,linkedin,27745,5335,38,1,0,0,0
2026-04-30,meta_prospecting_founder,meta,39696,28354,287,8,3,0,0
2026-04-30,meta_retargeting_webinar,meta,9233,6595,68,1,1,0,0
2026-05-01,google_brand_search,google,6415,1336,65,2,2,0,1
2026-05-01,google_nonbrand_growth,google,17252,3594,172,3,1,0,0
2026-05-01,linkedin_ceo_abm,linkedin,23366,4493,28,1,0,0,0
2026-05-01,meta_prospecting_founder,meta,35219,25156,280,4,2,1,0
2026-05-01,meta_retargeting_webinar,meta,8675,6196,59,3,0,0,0
2026-05-02,google_brand_search,google,6542,1362,71,1,2,0,0
2026-05-02,google_nonbrand_growth,google,17413,3627,188,2,0,1,0
2026-05-02,linkedin_ceo_abm,linkedin,23201,4461,28,1,0,0,2
2026-05-02,meta_prospecting_founder,meta,41641,29743,299,5,2,0,0
2026-05-02,meta_retargeting_webinar,meta,9547,6819,69,3,1,0,0
2026-05-03,google_brand_search,google,6398,1332,64,1,1,0,0
2026-05-03,google_nonbrand_growth,google,20647,4301,228,3,1,0,0
2026-05-03,linkedin_ceo_abm,linkedin,24972,4802,29,0,1,0,1
2026-05-03,meta_prospecting_founder,meta,37936,27097,270,8,2,2,0
2026-05-03,meta_retargeting_webinar,meta,9633,6880,67,4,0,1,0
2026-05-04,google_brand_search,google,6467,1347,61,3,2,1,0
2026-05-04,google_nonbrand_growth,google,19066,3972,211,6,2,0,0
2026-05-04,linkedin_ceo_abm,linkedin,25224,4850,28,0,0,1,0
2026-05-04,meta_prospecting_founder,meta,37138,26527,285,11,1,3,1
2026-05-04,meta_retargeting_webinar,meta,10146,7247,82,3,3,0,0
2026-05-05,google_brand_search,google,7500,1562,74,5,2,2,0
2026-05-05,google_nonbrand_growth,google,20455,4261,238,4,1,1,0
2026-05-05,linkedin_ceo_abm,linkedin,24213,4656,26,2,0,1,0
2026-05-05,meta_prospecting_founder,meta,42642,30458,308,8,5,1,0
2026-05-05,meta_retargeting_webinar,meta,9976,7125,71,5,2,1,0
2026-05-06,google_brand_search,google,7398,1541,79,3,1,2,1
2026-05-06,google_nonbrand_growth,google,18843,3925,198,2,1,1,0
2026-05-06,linkedin_ceo_abm,linkedin,24045,4624,27,4,0,0,0
2026-05-06,meta_prospecting_founder,meta,36347,25962,292,15,1,1,0
2026-05-06,meta_retargeting_webinar,meta,8442,6030,58,1,0,0,0
2026-05-07,google_brand_search,google,6169,1285,69,2,3,0,0
2026-05-07,google_nonbrand_growth,google,20049,4176,240,4,2,2,0
2026-05-07,linkedin_ceo_abm,linkedin,23011,4425,24,1,1,0,0
2026-05-07,meta_prospecting_founder,meta,37474,26767,277,14,3,0,0
2026-05-07,meta_retargeting_webinar,meta,10105,7217,80,5,0,1,0
2026-05-08,google_brand_search,google,6726,1401,78,3,2,0,0
2026-05-08,google_nonbrand_growth,google,19413,4044,192,2,1,0,0
2026-05-08,linkedin_ceo_abm,linkedin,27466,5281,38,3,0,0,0
2026-05-08,meta_prospecting_founder,meta,41533,29666,296,12,2,1,1
2026-05-08,meta_retargeting_webinar,meta,9082,6487,75,3,1,0,0
2026-05-09,google_brand_search,google,6758,1407,79,1,2,2,0
2026-05-09,google_nonbrand_growth,google,18156,3782,192,3,0,0,0
2026-05-09,linkedin_ceo_abm,linkedin,27197,5230,34,2,0,0,0
2026-05-09,meta_prospecting_founder,meta,37577,26840,330,9,3,1,0
2026-05-09,meta_retargeting_webinar,meta,9769,6977,82,5,0,0,0
2026-05-10,google_brand_search,google,6384,1330,77,3,2,1,0
2026-05-10,google_nonbrand_growth,google,20735,4319,233,3,1,0,0
2026-05-10,linkedin_ceo_abm,linkedin,27019,5195,35,3,1,0,1
2026-05-10,meta_prospecting_founder,meta,36474,26052,303,12,3,3,0
2026-05-10,meta_retargeting_webinar,meta,8942,6387,70,2,2,0,0
2026-05-11,google_brand_search,google,7124,1484,81,4,1,1,0
2026-05-11,google_nonbrand_growth,google,19696,4103,229,2,1,1,0
2026-05-11,linkedin_ceo_abm,linkedin,25859,4972,30,2,0,0,0
2026-05-11,meta_prospecting_founder,meta,36658,26184,301,7,0,1,0
2026-05-11,meta_retargeting_webinar,meta,10011,7150,74,5,1,2,0
2026-05-12,google_brand_search,google,7167,1493,77,6,2,1,0
2026-05-12,google_nonbrand_growth,google,21101,4396,212,2,1,0,0
2026-05-12,linkedin_ceo_abm,linkedin,27568,5301,31,1,2,0,0
2026-05-12,meta_prospecting_founder,meta,37062,26472,262,11,1,2,1
2026-05-12,meta_retargeting_webinar,meta,8967,6405,60,1,0,0,0
2026-05-13,google_brand_search,google,7213,1502,75,2,3,0,0
2026-05-13,google_nonbrand_growth,google,20736,4320,253,3,0,0,0
2026-05-13,linkedin_ceo_abm,linkedin,27028,5197,37,2,1,0,0
2026-05-13,meta_prospecting_founder,meta,41376,29554,326,19,2,1,2
2026-05-13,meta_retargeting_webinar,meta,9513,6795,76,5,3,0,0
2026-05-14,google_brand_search,google,6263,1304,72,0,2,0,0
2026-05-14,google_nonbrand_growth,google,17477,3641,171,5,0,0,0
2026-05-14,linkedin_ceo_abm,linkedin,27783,5342,32,0,0,1,0
2026-05-14,meta_prospecting_founder,meta,38626,27590,325,12,3,1,0
2026-05-14,meta_retargeting_webinar,meta,8711,6222,78,2,2,0,1
2026-05-15,google_brand_search,google,6756,1407,83,1,0,2,0
2026-05-15,google_nonbrand_growth,google,18878,3932,227,2,1,0,1
2026-05-15,linkedin_ceo_abm,linkedin,24569,4724,31,3,0,3,0
2026-05-15,meta_prospecting_founder,meta,40405,28860,310,13,2,0,0
2026-05-15,meta_retargeting_webinar,meta,8731,6236,59,4,0,0,1
2026-05-16,google_brand_search,google,6802,1417,71,4,0,1,0
2026-05-16,google_nonbrand_growth,google,20115,4190,197,2,1,1,0
2026-05-16,linkedin_ceo_abm,linkedin,24080,4630,31,2,1,0,0
2026-05-16,meta_prospecting_founder,meta,39642,28315,288,7,0,0,0
2026-05-16,meta_retargeting_webinar,meta,10186,7275,68,2,0,2,0
2026-05-17,google_brand_search,google,6797,1416,81,5,1,0,0
2026-05-17,google_nonbrand_growth,google,20166,4201,251,1,0,1,0
2026-05-17,linkedin_ceo_abm,linkedin,24497,4710,34,1,2,1,0
2026-05-17,meta_prospecting_founder,meta,41689,29777,359,5,6,2,1
2026-05-17,meta_retargeting_webinar,meta,9687,6919,80,7,1,0,0
2026-05-18,google_brand_search,google,6525,1359,62,1,3,2,0
2026-05-18,google_nonbrand_growth,google,17824,3713,193,2,0,1,0
2026-05-18,linkedin_ceo_abm,linkedin,27338,5257,35,2,2,0,0
2026-05-18,meta_prospecting_founder,meta,35464,25331,245,7,0,0,0
2026-05-18,meta_retargeting_webinar,meta,9679,6913,84,5,2,0,0
2026-05-19,google_brand_search,google,6247,1301,61,4,1,1,0
2026-05-19,google_nonbrand_growth,google,19490,4060,179,3,0,0,0
2026-05-19,linkedin_ceo_abm,linkedin,23454,4510,32,1,0,0,0
2026-05-19,meta_prospecting_founder,meta,35114,25081,237,12,0,1,0
2026-05-19,meta_retargeting_webinar,meta,8467,6047,67,4,3,0,0
2026-05-20,google_brand_search,google,6723,1400,66,2,2,0,1
2026-05-20,google_nonbrand_growth,google,20044,4175,235,4,0,0,1
2026-05-20,linkedin_ceo_abm,linkedin,27106,5212,29,1,1,1,0
2026-05-20,meta_prospecting_founder,meta,40362,28830,328,14,4,2,0
2026-05-20,meta_retargeting_webinar,meta,8679,6199,72,3,1,0,0
2026-05-21,google_brand_search,google,7450,1552,71,4,2,0,0
2026-05-21,google_nonbrand_growth,google,20853,4344,197,2,0,0,0
2026-05-21,linkedin_ceo_abm,linkedin,25513,4906,31,1,2,0,0
2026-05-21,meta_prospecting_founder,meta,38611,27579,286,4,2,0,1
2026-05-21,meta_retargeting_webinar,meta,9088,6491,77,8,0,1,0
2026-05-22,google_brand_search,google,6342,1321,63,1,3,0,2
2026-05-22,google_nonbrand_growth,google,20621,4296,196,3,2,0,0
2026-05-22,linkedin_ceo_abm,linkedin,24657,4741,26,1,2,0,0
2026-05-22,meta_prospecting_founder,meta,42701,30500,348,12,1,2,0
2026-05-22,meta_retargeting_webinar,meta,8458,6041,59,6,1,0,0
2026-05-23,google_brand_search,google,7010,1460,73,5,0,0,0
2026-05-23,google_nonbrand_growth,google,18393,3831,211,5,0,0,0
2026-05-23,linkedin_ceo_abm,linkedin,25284,4862,31,1,0,1,0
2026-05-23,meta_prospecting_founder,meta,41860,29900,358,15,3,2,0
2026-05-23,meta_retargeting_webinar,meta,9287,6633,77,0,5,1,0
2026-05-24,google_brand_search,google,6783,1413,79,2,2,2,0
2026-05-24,google_nonbrand_growth,google,20391,4248,253,1,3,0,0
2026-05-24,linkedin_ceo_abm,linkedin,24655,4741,33,0,0,1,0
2026-05-24,meta_prospecting_founder,meta,35975,25696,264,10,4,1,0
2026-05-24,meta_retargeting_webinar,meta,9425,6732,65,5,0,0,0
2026-05-25,google_brand_search,google,6278,1307,65,5,2,1,1
2026-05-25,google_nonbrand_growth,google,19933,4152,238,2,0,0,1
2026-05-25,linkedin_ceo_abm,linkedin,24787,4766,35,0,0,1,0
2026-05-25,meta_prospecting_founder,meta,39804,28431,273,11,4,0,0
2026-05-25,meta_retargeting_webinar,meta,10065,7189,67,5,0,1,0
2026-05-26,google_brand_search,google,6908,1439,79,1,1,0,0
2026-05-26,google_nonbrand_growth,google,17916,3732,184,5,0,1,0
2026-05-26,linkedin_ceo_abm,linkedin,25514,4906,31,4,0,0,0
2026-05-26,meta_prospecting_founder,meta,38275,27339,268,15,1,2,0
2026-05-26,meta_retargeting_webinar,meta,8987,6419,76,6,4,2,0
2026-05-27,google_brand_search,google,7139,1487,84,4,1,0,0
2026-05-27,google_nonbrand_growth,google,19606,4084,228,3,0,1,0
2026-05-27,linkedin_ceo_abm,linkedin,23987,4612,34,1,2,0,1
2026-05-27,meta_prospecting_founder,meta,39500,28214,299,11,1,2,0
2026-05-27,meta_retargeting_webinar,meta,9061,6472,79,1,2,1,0
2026-05-28,google_brand_search,google,7137,1486,83,6,2,0,1
2026-05-28,google_nonbrand_growth,google,18709,3897,198,1,0,0,0
2026-05-28,linkedin_ceo_abm,linkedin,24343,4681,26,3,1,0,0
2026-05-28,meta_prospecting_founder,meta,34928,24948,246,11,0,1,0
2026-05-28,meta_retargeting_webinar,meta,8860,6328,76,3,1,0,0
2026-05-29,google_brand_search,google,7228,1505,74,5,5,0,1
2026-05-29,google_nonbrand_growth,google,20385,4246,202,2,2,0,0
2026-05-29,linkedin_ceo_abm,linkedin,26529,5101,35,1,1,0,0
2026-05-29,meta_prospecting_founder,meta,36447,26033,266,17,2,0,0
2026-05-29,meta_retargeting_webinar,meta,9440,6742,63,2,2,0,0
2026-05-30,google_brand_search,google,6825,1421,63,1,0,1,0
2026-05-30,google_nonbrand_growth,google,17277,3599,211,1,0,0,0
2026-05-30,linkedin_ceo_abm,linkedin,25624,4927,29,2,0,2,0
2026-05-30,meta_prospecting_founder,meta,39371,28122,309,5,1,1,0
2026-05-30,meta_retargeting_webinar,meta,8582,6130,57,0,1,1,0
2026-05-31,google_brand_search,google,6926,1442,71,0,0,2,0
2026-05-31,google_nonbrand_growth,google,19824,4130,219,2,0,1,0
2026-05-31,linkedin_ceo_abm,linkedin,26788,5151,31,1,2,0,0
2026-05-31,meta_prospecting_founder,meta,39653,28323,274,7,3,0,0
2026-05-31,meta_retargeting_webinar,meta,9704,6931,77,2,1,1,0
2026-06-01,google_brand_search,google,6467,1347,70,1,1,1,1
2026-06-01,google_nonbrand_growth,google,17862,3721,181,7,1,2,0
2026-06-01,linkedin_ceo_abm,linkedin,24023,4619,34,0,0,0,0
2026-06-01,meta_prospecting_founder,meta,41137,29383,312,8,1,0,1
2026-06-01,meta_retargeting_webinar,meta,10114,7224,75,6,0,1,0
2026-06-02,google_brand_search,google,7416,1545,80,4,0,0,0
2026-06-02,google_nonbrand_growth,google,17652,3677,196,4,1,0,0
2026-06-02,linkedin_ceo_abm,linkedin,25103,4827,33,3,0,0,0
2026-06-02,meta_prospecting_founder,meta,40348,28820,331,11,0,2,0
2026-06-02,meta_retargeting_webinar,meta,10076,7197,72,5,1,0,1
2026-06-03,google_brand_search,google,6426,1338,75,3,3,0,0
2026-06-03,google_nonbrand_growth,google,17535,3653,209,6,0,0,0
2026-06-03,linkedin_ceo_abm,linkedin,26567,5109,35,1,1,0,1
2026-06-03,meta_prospecting_founder,meta,38497,27497,327,9,1,1,0
2026-06-03,meta_retargeting_webinar,meta,9098,6498,71,4,3,0,0
2026-06-04,google_brand_search,google,7279,1516,76,1,2,0,1
2026-06-04,google_nonbrand_growth,google,17988,3747,211,3,1,0,0
2026-06-04,linkedin_ceo_abm,linkedin,27337,5257,38,2,0,0,0
2026-06-04,meta_prospecting_founder,meta,37972,27122,303,16,2,0,0
2026-06-04,meta_retargeting_webinar,meta,9919,7085,70,7,1,1,0
2026-06-05,google_brand_search,google,6888,1434,85,1,1,0,0
2026-06-05,google_nonbrand_growth,google,18387,3830,178,4,0,0,0
2026-06-05,linkedin_ceo_abm,linkedin,26402,5077,32,0,1,0,0
2026-06-05,meta_prospecting_founder,meta,38479,27485,333,7,3,0,0
2026-06-05,meta_retargeting_webinar,meta,9524,6802,76,4,1,2,0
2026-06-06,google_brand_search,google,6258,1303,63,2,0,0,0
2026-06-06,google_nonbrand_growth,google,19521,4066,194,1,1,0,0
2026-06-06,linkedin_ceo_abm,linkedin,27309,5251,29,1,1,1,1
2026-06-06,meta_prospecting_founder,meta,39063,27902,319,14,1,2,1
2026-06-06,meta_retargeting_webinar,meta,10141,7243,71,4,2,0,1
2026-06-07,google_brand_search,google,6535,1361,63,3,0,0,0
2026-06-07,google_nonbrand_growth,google,17648,3676,213,0,1,0,0
2026-06-07,linkedin_ceo_abm,linkedin,26344,5066,34,2,1,1,0
2026-06-07,meta_prospecting_founder,meta,41781,29843,373,9,5,0,0
2026-06-07,meta_retargeting_webinar,meta,9845,7032,87,3,2,0,0
2026-06-08,google_brand_search,google,6483,1350,72,0,3,0,0
2026-06-08,google_nonbrand_growth,google,20745,4321,238,5,1,0,0
2026-06-08,linkedin_ceo_abm,linkedin,23727,4562,28,0,1,1,0
2026-06-08,meta_prospecting_founder,meta,35397,25283,302,12,2,0,0
2026-06-08,meta_retargeting_webinar,meta,9674,6909,81,3,3,0,0
2026-06-09,google_brand_search,google,6686,1392,65,6,0,0,0
2026-06-09,google_nonbrand_growth,google,20143,4196,215,4,1,0,0
2026-06-09,linkedin_ceo_abm,linkedin,26721,5138,35,1,1,1,0
2026-06-09,meta_prospecting_founder,meta,41639,29742,321,17,1,2,0
2026-06-09,meta_retargeting_webinar,meta,9919,7085,77,2,1,1,0
2026-06-10,google_brand_search,google,6962,1450,80,4,1,3,0
2026-06-10,google_nonbrand_growth,google,17657,3678,189,1,0,0,0
2026-06-10,linkedin_ceo_abm,linkedin,26312,5060,33,0,0,0,0
2026-06-10,meta_prospecting_founder,meta,35396,25282,318,11,1,1,0
2026-06-10,meta_retargeting_webinar,meta,8651,6179,71,4,2,1,0
2026-06-11,google_brand_search,google,6494,1352,69,3,1,0,0
2026-06-11,google_nonbrand_growth,google,20276,4224,233,6,0,2,0
2026-06-11,linkedin_ceo_abm,linkedin,27457,5280,31,1,0,0,0
2026-06-11,meta_prospecting_founder,meta,36701,26215,284,11,4,2,0
2026-06-11,meta_retargeting_webinar,meta,8619,6156,57,3,4,1,1
2026-06-12,google_brand_search,google,7080,1474,76,2,1,0,1
2026-06-12,google_nonbrand_growth,google,18983,3954,181,4,0,1,0
2026-06-12,linkedin_ceo_abm,linkedin,26786,5151,32,2,0,0,0
2026-06-12,meta_prospecting_founder,meta,39793,28423,301,13,2,0,1
2026-06-12,meta_retargeting_webinar,meta,10094,7210,79,1,1,1,0
2026-06-13,google_brand_search,google,6487,1351,62,1,2,0,0
2026-06-13,google_nonbrand_growth,google,20331,4235,216,0,0,0,0
2026-06-13,linkedin_ceo_abm,linkedin,24471,4705,32,0,2,0,0
2026-06-13,meta_prospecting_founder,meta,42322,30230,354,11,1,1,0
2026-06-13,meta_retargeting_webinar,meta,9234,6595,64,0,1,1,1
2026-06-14,google_brand_search,google,6890,1435,72,4,1,0,0
2026-06-14,google_nonbrand_growth,google,20510,4272,236,2,0,0,0
2026-06-14,linkedin_ceo_abm,linkedin,24650,4740,32,0,0,0,0
2026-06-14,meta_prospecting_founder,meta,42210,30150,355,8,3,2,0
2026-06-14,meta_retargeting_webinar,meta,9077,6483,79,3,0,0,0
2026-06-15,google_brand_search,google,6257,1303,67,0,1,0,0
2026-06-15,google_nonbrand_growth,google,20392,4248,222,7,0,0,0
2026-06-15,linkedin_ceo_abm,linkedin,26165,5031,28,4,0,1,0
2026-06-15,meta_prospecting_founder,meta,37967,27119,319,19,2,1,0
2026-06-15,meta_retargeting_webinar,meta,8565,6117,63,2,1,0,0
2026-06-16,google_brand_search,google,6950,1447,68,2,0,0,0
2026-06-16,google_nonbrand_growth,google,18957,3949,217,5,0,1,0
2026-06-16,linkedin_ceo_abm,linkedin,24974,4802,28,3,1,0,0
2026-06-16,meta_prospecting_founder,meta,40293,28780,356,12,3,0,0
2026-06-16,meta_retargeting_webinar,meta,9344,6674,81,4,0,2,0
2026-06-17,google_brand_search,google,6725,1401,65,4,2,0,1
2026-06-17,google_nonbrand_growth,google,20195,4207,238,1,2,0,0
2026-06-17,linkedin_ceo_abm,linkedin,26154,5029,29,3,1,0,0
2026-06-17,meta_prospecting_founder,meta,35309,25220,240,8,5,1,0
2026-06-17,meta_retargeting_webinar,meta,10223,7302,78,7,0,0,0
2026-06-18,google_brand_search,google,7046,1467,81,4,2,0,0
2026-06-18,google_nonbrand_growth,google,17252,3594,204,2,4,0,0
2026-06-18,linkedin_ceo_abm,linkedin,26490,5094,33,1,2,0,0
2026-06-18,meta_prospecting_founder,meta,35414,25295,244,8,4,2,0
2026-06-18,meta_retargeting_webinar,meta,9639,6885,81,2,4,1,1
2026-06-19,google_brand_search,google,6645,1384,62,5,1,2,0
2026-06-19,google_nonbrand_growth,google,17365,3617,194,3,0,0,0
2026-06-19,linkedin_ceo_abm,linkedin,27491,5286,33,1,2,2,1
2026-06-19,meta_prospecting_founder,meta,39232,28022,283,10,1,0,0
2026-06-19,meta_retargeting_webinar,meta,8896,6354,61,5,0,0,0
2026-06-20,google_brand_search,google,6494,1352,72,2,1,0,0
2026-06-20,google_nonbrand_growth,google,19663,4096,204,4,3,0,0
2026-06-20,linkedin_ceo_abm,linkedin,27103,5212,29,1,1,1,0
2026-06-20,meta_prospecting_founder,meta,42380,30271,321,8,3,2,0
2026-06-20,meta_retargeting_webinar,meta,9469,6763,64,1,1,0,0
2026-06-21,google_brand_search,google,6408,1335,61,3,1,0,0
2026-06-21,google_nonbrand_growth,google,19517,4066,189,3,1,1,0
2026-06-21,linkedin_ceo_abm,linkedin,26249,5047,31,2,0,0,0
2026-06-21,meta_prospecting_founder,meta,39554,28252,357,8,1,0,0
2026-06-21,meta_retargeting_webinar,meta,10041,7172,87,0,2,0,0
2026-06-22,google_brand_search,google,7460,1554,92,4,1,0,0
2026-06-22,google_nonbrand_growth,google,18915,3940,212,3,0,0,0
2026-06-22,linkedin_ceo_abm,linkedin,26782,5150,38,2,1,1,0
2026-06-22,meta_prospecting_founder,meta,36434,26024,279,7,2,3,0
2026-06-22,meta_retargeting_webinar,meta,8384,5988,65,4,0,0,0
2026-06-23,google_brand_search,google,6499,1353,80,7,2,0,0
2026-06-23,google_nonbrand_growth,google,19215,4003,212,3,2,0,0
2026-06-23,linkedin_ceo_abm,linkedin,27171,5225,30,2,0,0,0
2026-06-23,meta_prospecting_founder,meta,41023,29302,288,7,2,2,0
2026-06-23,meta_retargeting_webinar,meta,10126,7232,69,6,0,0,0
2026-06-24,google_brand_search,google,6849,1426,75,5,0,1,0
2026-06-24,google_nonbrand_growth,google,17738,3695,197,5,0,0,0
2026-06-24,linkedin_ceo_abm,linkedin,23051,4432,29,2,1,0,0
2026-06-24,meta_prospecting_founder,meta,35730,25521,280,10,3,0,0
2026-06-24,meta_retargeting_webinar,meta,8644,6174,70,1,1,0,0
2026-06-25,google_brand_search,google,6717,1399,77,4,4,1,0
2026-06-25,google_nonbrand_growth,google,19631,4089,201,2,1,0,0
2026-06-25,linkedin_ceo_abm,linkedin,25670,4936,35,3,1,0,0
2026-06-25,meta_prospecting_founder,meta,40123,28659,284,22,0,1,0
2026-06-25,meta_retargeting_webinar,meta,8415,6010,67,3,1,0,0
2026-06-26,google_brand_search,google,6237,1299,61,1,1,1,0
2026-06-26,google_nonbrand_growth,google,19147,3988,183,3,1,0,0
2026-06-26,linkedin_ceo_abm,linkedin,23295,4479,32,0,2,1,1
2026-06-26,meta_prospecting_founder,meta,40380,28842,337,12,3,0,0
2026-06-26,meta_retargeting_webinar,meta,9884,7060,66,4,0,2,0
2026-06-27,google_brand_search,google,6475,1348,61,1,1,1,1
2026-06-27,google_nonbrand_growth,google,20356,4240,208,1,0,0,0
2026-06-27,linkedin_ceo_abm,linkedin,25353,4875,31,1,0,1,0
2026-06-27,meta_prospecting_founder,meta,39984,28560,343,7,3,0,0
2026-06-27,meta_retargeting_webinar,meta,8525,6089,62,2,4,0,0
2026-06-28,google_brand_search,google,7092,1477,69,2,0,1,0
2026-06-28,google_nonbrand_growth,google,17958,3741,186,1,0,0,0
2026-06-28,linkedin_ceo_abm,linkedin,24213,4656,34,1,0,1,0
2026-06-28,meta_prospecting_founder,meta,37457,26755,295,7,1,1,0
2026-06-28,meta_retargeting_webinar,meta,9434,6738,71,5,0,0,0
2026-06-29,google_brand_search,google,6357,1324,68,4,0,1,0
2026-06-29,google_nonbrand_growth,google,18382,3829,209,2,0,0,0
2026-06-29,linkedin_ceo_abm,linkedin,26448,5086,28,0,0,0,1
2026-06-29,meta_prospecting_founder,meta,35315,25224,280,6,4,0,0
2026-06-29,meta_retargeting_webinar,meta,9236,6597,76,7,0,1,0
2026-06-30,google_brand_search,google,6437,1341,79,2,2,1,0
2026-06-30,google_nonbrand_growth,google,17798,3707,196,1,0,1,0
2026-06-30,linkedin_ceo_abm,linkedin,23668,4551,32,2,0,0,0
2026-06-30,meta_prospecting_founder,meta,38261,27329,342,13,4,1,0
2026-06-30,meta_retargeting_webinar,meta,9091,6493,71,4,2,1,0
2026-07-01,google_brand_search,google,6334,1319,74,4,1,1,0
2026-07-01,google_nonbrand_growth,google,17673,3681,200,1,0,0,0
2026-07-01,linkedin_ceo_abm,linkedin,23444,4508,27,5,1,0,0
2026-07-01,meta_prospecting_founder,meta,38143,27245,300,13,2,0,1
2026-07-01,meta_retargeting_webinar,meta,10244,7317,87,4,3,0,0
2026-07-02,google_brand_search,google,6229,1297,71,2,0,0,1
2026-07-02,google_nonbrand_growth,google,19987,4163,199,5,1,0,0
2026-07-02,linkedin_ceo_abm,linkedin,24312,4675,34,2,3,1,0
2026-07-02,meta_prospecting_founder,meta,42331,30236,323,8,3,2,0
2026-07-02,meta_retargeting_webinar,meta,8509,6077,69,2,3,1,0
2026-07-03,google_brand_search,google,6774,1411,82,4,1,0,0
2026-07-03,google_nonbrand_growth,google,20506,4272,247,3,1,0,0
2026-07-03,linkedin_ceo_abm,linkedin,24218,4657,31,2,2,1,0
2026-07-03,meta_prospecting_founder,meta,37647,26890,282,11,3,1,0
2026-07-03,meta_retargeting_webinar,meta,8968,6405,69,0,2,0,0
2026-07-04,google_brand_search,google,7457,1553,76,1,1,1,1
2026-07-04,google_nonbrand_growth,google,20070,4181,201,3,0,0,0
2026-07-04,linkedin_ceo_abm,linkedin,26519,5099,30,2,1,0,0
2026-07-04,meta_prospecting_founder,meta,39307,28076,300,8,0,0,1
2026-07-04,meta_retargeting_webinar,meta,8852,6322,77,2,1,1,0
2026-07-05,google_brand_search,google,6437,1341,72,0,2,1,0
2026-07-05,google_nonbrand_growth,google,17242,3592,208,1,0,0,0
2026-07-05,linkedin_ceo_abm,linkedin,23716,4560,29,1,0,0,0
2026-07-05,meta_prospecting_founder,meta,40047,28605,348,6,1,2,1
2026-07-05,meta_retargeting_webinar,meta,8634,6167,62,3,1,0,0
2026-07-06,google_brand_search,google,6941,1446,71,6,0,0,0
2026-07-06,google_nonbrand_growth,google,19983,4163,248,2,0,1,0
2026-07-06,linkedin_ceo_abm,linkedin,26574,5110,28,1,0,0,0
2026-07-06,meta_prospecting_founder,meta,36348,25962,279,11,1,1,0
2026-07-06,meta_retargeting_webinar,meta,9493,6780,71,6,1,0,0
2026-07-07,google_brand_search,google,6654,1386,62,5,4,0,1
2026-07-07,google_nonbrand_growth,google,17495,3644,167,1,0,1,0
2026-07-07,linkedin_ceo_abm,linkedin,28053,5394,33,1,2,2,0
2026-07-07,meta_prospecting_founder,meta,42466,30332,291,17,4,0,0
2026-07-07,meta_retargeting_webinar,meta,10175,7267,76,6,1,2,0
2026-07-08,google_brand_search,google,7202,1500,77,3,2,0,0
2026-07-08,google_nonbrand_growth,google,20019,4170,238,1,0,0,0
2026-07-08,linkedin_ceo_abm,linkedin,25880,4976,36,2,1,0,0
2026-07-08,meta_prospecting_founder,meta,41924,29945,316,8,3,1,0
2026-07-08,meta_retargeting_webinar,meta,8745,6246,59,6,3,0,0
2026-07-09,google_brand_search,google,6499,1353,63,7,0,3,0
2026-07-09,google_nonbrand_growth,google,17988,3747,191,1,0,0,0
2026-07-09,linkedin_ceo_abm,linkedin,27464,5281,32,2,0,0,0
2026-07-09,meta_prospecting_founder,meta,35546,25389,269,10,2,1,1
2026-07-09,meta_retargeting_webinar,meta,9118,6512,65,2,0,2,0
2026-07-10,google_brand_search,google,6659,1387,68,2,1,0,1
2026-07-10,google_nonbrand_growth,google,18393,3831,192,3,2,0,0
2026-07-10,linkedin_ceo_abm,linkedin,27937,5372,30,4,1,0,1
2026-07-10,meta_prospecting_founder,meta,39424,28160,341,12,2,1,0
2026-07-10,meta_retargeting_webinar,meta,9502,6787,76,3,1,0,0
2026-07-11,google_brand_search,google,7366,1534,85,0,1,1,0
2026-07-11,google_nonbrand_growth,google,20867,4347,207,2,0,0,0
2026-07-11,linkedin_ceo_abm,linkedin,27423,5273,34,1,0,1,0
2026-07-11,meta_prospecting_founder,meta,35664,25474,246,7,5,1,0
2026-07-11,meta_retargeting_webinar,meta,9768,6977,85,0,0,0,0
2026-07-12,google_brand_search,google,6827,1422,67,3,2,0,0
2026-07-12,google_nonbrand_growth,google,18636,3882,172,2,0,0,0
2026-07-12,linkedin_ceo_abm,linkedin,23958,4607,32,2,2,0,0
2026-07-12,meta_prospecting_founder,meta,41553,29680,338,7,4,0,0
2026-07-12,meta_retargeting_webinar,meta,8913,6366,78,1,0,1,0
2026-07-13,google_brand_search,google,7304,1521,80,4,2,1,0
2026-07-13,google_nonbrand_growth,google,17348,3614,206,5,0,0,0
2026-07-13,linkedin_ceo_abm,linkedin,25772,4956,32,6,1,1,0
2026-07-13,meta_prospecting_founder,meta,39119,27942,270,8,2,1,0
2026-07-13,meta_retargeting_webinar,meta,9092,6494,80,3,1,1,0
2026-07-14,google_brand_search,google,6754,1407,76,4,3,2,0
2026-07-14,google_nonbrand_growth,google,19337,4028,186,3,0,0,0
2026-07-14,linkedin_ceo_abm,linkedin,25302,4865,31,3,1,0,1
2026-07-14,meta_prospecting_founder,meta,42004,30002,368,16,0,2,0
2026-07-14,meta_retargeting_webinar,meta,8425,6017,59,2,3,0,1
2026-07-15,google_brand_search,google,7009,1460,74,2,0,0,0
2026-07-15,google_nonbrand_growth,google,20421,4254,197,0,0,0,0
2026-07-15,linkedin_ceo_abm,linkedin,25427,4889,27,1,0,0,0
2026-07-15,meta_prospecting_founder,meta,41965,29974,308,14,2,0,0
2026-07-15,meta_retargeting_webinar,meta,10236,7311,71,2,1,0,0
2026-07-16,google_brand_search,google,6392,1331,71,1,0,2,0
2026-07-16,google_nonbrand_growth,google,19703,4104,219,2,0,0,0
2026-07-16,linkedin_ceo_abm,linkedin,23847,4585,29,0,0,0,0
2026-07-16,meta_prospecting_founder,meta,42681,30486,310,9,7,1,0
2026-07-16,meta_retargeting_webinar,meta,9730,6950,71,2,0,1,0
2026-07-17,google_brand_search,google,7332,1527,69,7,0,1,0
2026-07-17,google_nonbrand_growth,google,18205,3792,197,5,0,0,0
2026-07-17,linkedin_ceo_abm,linkedin,26990,5190,29,1,1,1,0
2026-07-17,meta_prospecting_founder,meta,42516,30368,309,12,5,0,0
2026-07-17,meta_retargeting_webinar,meta,9165,6546,77,4,0,0,0
2026-07-18,google_brand_search,google,6185,1288,71,3,4,0,0
2026-07-18,google_nonbrand_growth,google,19194,3998,226,4,1,0,0
2026-07-18,linkedin_ceo_abm,linkedin,27676,5322,29,2,0,0,0
2026-07-18,meta_prospecting_founder,meta,35650,25464,306,12,2,1,0
2026-07-18,meta_retargeting_webinar,meta,9398,6712,80,1,2,1,0
2026-07-19,google_brand_search,google,6553,1365,67,3,1,1,0
2026-07-19,google_nonbrand_growth,google,19830,4131,236,3,0,1,0
2026-07-19,linkedin_ceo_abm,linkedin,24495,4710,27,1,1,1,0
2026-07-19,meta_prospecting_founder,meta,36932,26380,257,4,2,2,0
2026-07-19,meta_retargeting_webinar,meta,10130,7235,77,3,2,0,1
2026-07-20,google_brand_search,google,6338,1320,65,5,3,0,0
2026-07-20,google_nonbrand_growth,google,21013,4377,225,3,1,0,0
2026-07-20,linkedin_ceo_abm,linkedin,24062,4627,29,0,0,0,0
2026-07-20,meta_prospecting_founder,meta,35411,25293,244,7,1,2,0
2026-07-20,meta_retargeting_webinar,meta,8846,6318,77,2,1,1,0
2026-07-21,google_brand_search,google,6740,1404,74,2,3,1,0
2026-07-21,google_nonbrand_growth,google,20901,4354,237,3,0,0,0
2026-07-21,linkedin_ceo_abm,linkedin,26230,5044,32,4,1,1,0
2026-07-21,meta_prospecting_founder,meta,36322,25944,305,10,1,3,0
2026-07-21,meta_retargeting_webinar,meta,8961,6400,62,3,0,1,0
2026-07-22,google_brand_search,google,7364,1534,68,6,1,2,0
2026-07-22,google_nonbrand_growth,google,18781,3912,227,4,0,0,0
2026-07-22,linkedin_ceo_abm,linkedin,27797,5345,33,0,0,0,0
2026-07-22,meta_prospecting_founder,meta,42281,30200,376,19,0,1,1
2026-07-22,meta_retargeting_webinar,meta,8919,6370,67,1,2,0,0
2026-07-23,google_brand_search,google,7047,1468,79,1,3,2,0
2026-07-23,google_nonbrand_growth,google,18350,3822,188,1,1,0,0
2026-07-23,linkedin_ceo_abm,linkedin,26458,5088,33,3,1,1,0
2026-07-23,meta_prospecting_founder,meta,40365,28832,309,16,3,0,0
2026-07-23,meta_retargeting_webinar,meta,10238,7312,74,6,1,2,0
2026-07-24,google_brand_search,google,7203,1500,88,6,1,1,1
2026-07-24,google_nonbrand_growth,google,17243,3592,172,1,2,0,0
2026-07-24,linkedin_ceo_abm,linkedin,23040,4430,30,2,0,0,0
2026-07-24,meta_prospecting_founder,meta,40199,28713,270,10,4,0,0
2026-07-24,meta_retargeting_webinar,meta,9677,6912,75,1,0,1,1
2026-07-25,google_brand_search,google,7099,1478,69,6,1,2,0
2026-07-25,google_nonbrand_growth,google,19780,4120,191,4,1,0,0
2026-07-25,linkedin_ceo_abm,linkedin,24605,4731,28,4,0,0,0
2026-07-25,meta_prospecting_founder,meta,40514,28938,353,8,3,0,1
2026-07-25,meta_retargeting_webinar,meta,8847,6319,59,2,1,2,0
2026-07-26,google_brand_search,google,6468,1347,70,5,2,0,0
2026-07-26,google_nonbrand_growth,google,20855,4344,216,4,1,0,0
2026-07-26,linkedin_ceo_abm,linkedin,24808,4770,34,0,0,0,2
2026-07-26,meta_prospecting_founder,meta,38543,27530,342,6,6,3,0
2026-07-26,meta_retargeting_webinar,meta,9003,6430,79,5,0,0,0
2026-07-27,google_brand_search,google,6172,1285,66,1,5,0,0
2026-07-27,google_nonbrand_growth,google,21021,4379,238,1,0,0,0
2026-07-27,linkedin_ceo_abm,linkedin,25938,4988,35,3,0,0,0
2026-07-27,meta_prospecting_founder,meta,41129,29377,353,11,4,2,1
2026-07-27,meta_retargeting_webinar,meta,10241,7314,81,1,4,0,0
2026-07-28,google_brand_search,google,7515,1565,73,3,0,2,0
2026-07-28,google_nonbrand_growth,google,20053,4177,203,2,2,1,0
2026-07-28,linkedin_ceo_abm,linkedin,24817,4772,32,0,2,0,0
2026-07-28,meta_prospecting_founder,meta,41695,29782,306,10,1,3,0
2026-07-28,meta_retargeting_webinar,meta,9002,6430,80,2,0,1,0
2026-07-29,google_brand_search,google,6220,1295,75,2,2,1,0
2026-07-29,google_nonbrand_growth,google,20147,4197,242,2,1,0,0
2026-07-29,linkedin_ceo_abm,linkedin,27198,5230,30,2,0,2,0
2026-07-29,meta_prospecting_founder,meta,42720,30514,310,9,0,0,0
2026-07-29,meta_retargeting_webinar,meta,8923,6373,70,3,1,1,0
2026-07-30,google_brand_search,google,6495,1353,67,7,1,0,0
2026-07-30,google_nonbrand_growth,google,18283,3808,174,3,0,0,0
2026-07-30,linkedin_ceo_abm,linkedin,27865,5358,39,3,2,0,0
2026-07-30,meta_prospecting_founder,meta,42683,30487,355,11,3,1,0
2026-07-30,meta_retargeting_webinar,meta,9509,6792,66,4,0,0,0
2026-07-31,google_brand_search,google,7379,1537,71,4,2,1,0
2026-07-31,google_nonbrand_growth,google,18551,3864,212,4,1,1,0
2026-07-31,linkedin_ceo_abm,linkedin,24112,4636,32,3,1,1,0
2026-07-31,meta_prospecting_founder,meta,41612,29722,291,16,1,1,0
2026-07-31,meta_retargeting_webinar,meta,9427,6733,68,5,1,2,0
2026-08-01,google_brand_search,google,6527,1359,79,2,3,1,0
2026-08-01,google_nonbrand_growth,google,20184,4205,205,4,1,0,0
2026-08-01,linkedin_ceo_abm,linkedin,23263,4473,29,1,1,0,1
2026-08-01,meta_prospecting_founder,meta,37353,26680,317,7,4,1,0
2026-08-01,meta_retargeting_webinar,meta,10166,7261,83,2,0,0,0
2026-08-02,google_brand_search,google,6497,1353,77,3,1,1,0
2026-08-02,google_nonbrand_growth,google,17336,3611,206,1,2,0,0
2026-08-02,linkedin_ceo_abm,linkedin,25193,4844,27,2,0,1,0
2026-08-02,meta_prospecting_founder,meta,41935,29953,364,7,8,1,1
2026-08-02,meta_retargeting_webinar,meta,8609,6149,57,2,1,0,0
2026-08-03,google_brand_search,google,6287,1309,65,2,1,2,0
2026-08-03,google_nonbrand_growth,google,18098,3770,195,2,1,0,0
2026-08-03,linkedin_ceo_abm,linkedin,26314,5060,28,1,1,0,0
2026-08-03,meta_prospecting_founder,meta,36927,26376,291,13,1,2,0
2026-08-03,meta_retargeting_webinar,meta,9582,6844,71,3,1,0,1
2026-08-04,google_brand_search,google,6314,1315,76,0,2,0,0
2026-08-04,google_nonbrand_growth,google,17551,3656,175,3,1,1,1
2026-08-04,linkedin_ceo_abm,linkedin,24431,4698,32,2,0,0,0
2026-08-04,meta_prospecting_founder,meta,37692,26922,290,12,0,0,0
2026-08-04,meta_retargeting_webinar,meta,10056,7182,86,3,3,0,0
2026-08-05,google_brand_search,google,6906,1438,69,2,1,0,0
2026-08-05,google_nonbrand_growth,google,19535,4069,193,4,1,1,0
2026-08-05,linkedin_ceo_abm,linkedin,27606,5308,37,2,1,1,0
2026-08-05,meta_prospecting_founder,meta,41684,29774,309,16,2,0,0
2026-08-05,meta_retargeting_webinar,meta,9211,6579,82,7,2,1,0
2026-08-06,google_brand_search,google,6249,1301,77,2,0,0,1
2026-08-06,google_nonbrand_growth,google,19531,4068,227,2,0,1,0
2026-08-06,linkedin_ceo_abm,linkedin,24300,4673,29,3,1,0,0
2026-08-06,meta_prospecting_founder,meta,38179,27270,282,10,3,1,0
2026-08-06,meta_retargeting_webinar,meta,8609,6149,58,3,3,0,0
2026-08-07,google_brand_search,google,7160,1491,67,1,2,1,0
2026-08-07,google_nonbrand_growth,google,17362,3617,163,5,0,0,0
2026-08-07,linkedin_ceo_abm,linkedin,27915,5368,33,1,0,1,0
2026-08-07,meta_prospecting_founder,meta,37034,26452,284,7,1,0,0
2026-08-07,meta_retargeting_webinar,meta,10162,7258,90,2,0,2,0
2026-08-08,google_brand_search,google,6218,1295,66,2,0,1,0
2026-08-08,google_nonbrand_growth,google,19843,4133,237,1,0,0,0
2026-08-08,linkedin_ceo_abm,linkedin,28028,5390,38,2,0,1,0
2026-08-08,meta_prospecting_founder,meta,41060,29328,311,6,3,2,0
2026-08-08,meta_retargeting_webinar,meta,8988,6420,71,1,0,3,1
2026-08-09,google_brand_search,google,6549,1364,74,3,2,0,0
2026-08-09,google_nonbrand_growth,google,17409,3626,207,3,1,0,0
2026-08-09,linkedin_ceo_abm,linkedin,26888,5170,32,0,3,0,0
2026-08-09,meta_prospecting_founder,meta,36722,26230,257,6,3,1,1
2026-08-09,meta_retargeting_webinar,meta,8793,6280,64,2,1,0,0
2026-08-10,google_brand_search,google,7474,1557,76,6,1,0,0
2026-08-10,google_nonbrand_growth,google,21100,4395,196,5,0,0,0
2026-08-10,linkedin_ceo_abm,linkedin,26595,5114,34,4,0,0,1
2026-08-10,meta_broad_v17,meta,47030,33592,394,22,1,0,0
2026-08-10,meta_prospecting_founder,meta,40123,28659,357,11,2,1,0
2026-08-10,meta_retargeting_webinar,meta,9382,6701,73,2,1,0,0
2026-08-11,google_brand_search,google,6247,1301,59,2,0,0,0
2026-08-11,google_nonbrand_growth,google,18314,3815,190,1,2,1,0
2026-08-11,linkedin_ceo_abm,linkedin,25782,4958,33,2,2,2,1
2026-08-11,meta_broad_v17,meta,42985,30703,307,28,1,0,0
2026-08-11,meta_prospecting_founder,meta,41969,29977,377,10,1,1,0
2026-08-11,meta_retargeting_webinar,meta,8702,6215,73,1,1,0,0
2026-08-12,google_brand_search,google,6858,1428,84,1,2,1,0
2026-08-12,google_nonbrand_growth,google,18275,3807,213,2,2,2,0
2026-08-12,linkedin_ceo_abm,linkedin,24596,4730,32,0,1,1,0
2026-08-12,meta_broad_v17,meta,49420,35300,383,38,1,0,0
2026-08-12,meta_prospecting_founder,meta,38389,27420,289,12,5,1,1
2026-08-12,meta_retargeting_webinar,meta,9086,6490,79,4,1,1,0
2026-08-13,google_brand_search,google,6298,1312,73,0,1,2,0
2026-08-13,google_nonbrand_growth,google,20127,4193,217,4,0,0,0
2026-08-13,linkedin_ceo_abm,linkedin,27652,5317,39,2,2,0,0
2026-08-13,meta_broad_v17,meta,46732,33380,316,28,2,0,0
2026-08-13,meta_prospecting_founder,meta,36498,26070,256,9,2,1,0
2026-08-13,meta_retargeting_webinar,meta,9715,6939,84,5,0,0,0
2026-08-14,google_brand_search,google,7455,1553,78,5,1,1,0
2026-08-14,google_nonbrand_growth,google,18987,3955,210,3,0,2,0
2026-08-14,linkedin_ceo_abm,linkedin,25477,4899,29,1,1,1,0
2026-08-14,meta_broad_v17,meta,42606,30432,315,18,1,0,0
2026-08-14,meta_prospecting_founder,meta,41742,29815,336,10,2,0,2
2026-08-14,meta_retargeting_webinar,meta,9645,6889,69,4,0,1,0
2026-08-15,google_brand_search,google,6307,1313,62,1,3,1,0
2026-08-15,google_nonbrand_growth,google,17479,3641,176,5,0,2,0
2026-08-15,linkedin_ceo_abm,linkedin,23340,4488,30,1,3,3,0
2026-08-15,meta_broad_v17,meta,44052,31465,341,22,2,1,0
2026-08-15,meta_prospecting_founder,meta,40881,29200,293,6,2,1,0
2026-08-15,meta_retargeting_webinar,meta,9944,7102,76,1,1,0,0
2026-08-16,google_brand_search,google,6387,1330,78,1,0,0,0
2026-08-16,google_nonbrand_growth,google,19462,4054,226,1,0,0,0
2026-08-16,linkedin_ceo_abm,linkedin,26834,5160,28,1,0,0,0
2026-08-16,meta_broad_v17,meta,51787,36990,386,21,0,1,0
2026-08-16,meta_prospecting_founder,meta,38801,27715,330,6,0,2,0
2026-08-16,meta_retargeting_webinar,meta,8736,6240,68,3,1,0,0
2026-08-17,google_brand_search,google,7250,1510,80,4,1,1,0
2026-08-17,google_nonbrand_growth,google,20315,4232,216,5,0,0,0
2026-08-17,linkedin_ceo_abm,linkedin,25777,4957,35,1,2,1,0
2026-08-17,meta_broad_v17,meta,48346,34532,381,24,1,0,0
2026-08-17,meta_prospecting_founder,meta,39392,28137,322,11,1,0,1
2026-08-17,meta_retargeting_webinar,meta,8526,6090,61,5,0,0,0
2026-08-18,google_brand_search,google,6586,1372,79,8,0,0,0
2026-08-18,google_nonbrand_growth,google,17362,3617,162,1,2,0,0
2026-08-18,linkedin_ceo_abm,linkedin,27643,5315,31,4,1,0,0
2026-08-18,meta_broad_v17,meta,50973,36409,406,28,1,1,0
2026-08-18,meta_prospecting_founder,meta,40294,28781,350,11,4,0,0
2026-08-18,meta_retargeting_webinar,meta,9010,6435,63,5,3,0,0
2026-08-19,google_brand_search,google,7463,1554,74,4,2,0,0
2026-08-19,google_nonbrand_growth,google,18908,3939,226,1,1,1,1
2026-08-19,linkedin_ceo_abm,linkedin,23675,4552,28,1,0,1,0
2026-08-19,meta_broad_v17,meta,46727,33376,387,36,4,1,0
2026-08-19,meta_prospecting_founder,meta,35291,25207,299,6,1,1,0
2026-08-19,meta_retargeting_webinar,meta,9093,6495,72,8,0,1,1
2026-08-20,google_brand_search,google,6855,1428,65,7,3,0,0
2026-08-20,google_nonbrand_growth,google,17481,3641,176,0,1,0,0
2026-08-20,linkedin_ceo_abm,linkedin,26989,5190,38,3,2,0,0
2026-08-20,meta_broad_v17,meta,48929,34949,418,15,4,1,0
2026-08-20,meta_prospecting_founder,meta,41916,29940,327,15,1,0,0
2026-08-20,meta_retargeting_webinar,meta,9880,7057,80,3,2,0,0
2026-08-21,google_brand_search,google,6666,1388,82,1,2,0,1
2026-08-21,google_nonbrand_growth,google,19978,4162,221,6,0,1,0
2026-08-21,linkedin_ceo_abm,linkedin,23596,4537,30,0,0,1,1
2026-08-21,meta_broad_v17,meta,45773,32695,333,22,4,0,0
2026-08-21,meta_prospecting_founder,meta,36050,25750,283,9,3,1,1
2026-08-21,meta_retargeting_webinar,meta,9194,6567,61,3,2,0,0
2026-08-22,google_brand_search,google,7082,1475,75,2,1,1,0
2026-08-22,google_nonbrand_growth,google,19120,3983,201,0,0,0,0
2026-08-22,linkedin_ceo_abm,linkedin,25549,4913,30,1,0,2,0
2026-08-22,meta_broad_v17,meta,45900,32785,345,13,2,2,0
2026-08-22,meta_prospecting_founder,meta,37137,26526,251,11,4,2,0
2026-08-22,meta_retargeting_webinar,meta,8640,6171,74,3,0,0,0
2026-08-23,google_brand_search,google,7280,1516,88,2,1,0,0
2026-08-23,google_nonbrand_growth,google,18262,3804,192,0,0,0,1
2026-08-23,linkedin_ceo_abm,linkedin,27846,5354,38,0,1,2,0
2026-08-23,meta_broad_v17,meta,49651,35464,435,19,1,0,0
2026-08-23,meta_prospecting_founder,meta,40395,28853,360,7,4,1,0
2026-08-23,meta_retargeting_webinar,meta,9410,6721,62,3,1,0,0
2026-08-24,google_brand_search,google,6584,1371,75,5,1,3,0
2026-08-24,google_nonbrand_growth,google,19047,3968,207,6,2,0,0
2026-08-24,linkedin_ceo_abm,linkedin,27341,5257,37,0,0,0,1
2026-08-24,meta_broad_v17,meta,44548,31820,339,26,1,0,0
2026-08-24,meta_prospecting_founder,meta,41222,29444,346,10,1,1,0
2026-08-24,meta_retargeting_webinar,meta,9747,6962,75,3,0,1,0
2026-08-25,google_brand_search,google,7137,1486,67,1,1,1,0
2026-08-25,google_nonbrand_growth,google,19268,4014,191,3,0,0,0
2026-08-25,linkedin_ceo_abm,linkedin,24226,4658,26,3,0,0,0
2026-08-25,meta_broad_v17,meta,49169,35120,332,13,3,2,0
2026-08-25,meta_prospecting_founder,meta,38280,27342,255,8,4,0,0
2026-08-25,meta_retargeting_webinar,meta,8566,6118,72,2,0,0,0
2026-08-26,FB-Broad,meta,0,0,0,0,0,0,0
2026-08-26,google_brand_search,google,7244,1509,74,5,0,1,0
2026-08-26,google_nonbrand_growth,google,21039,4383,215,4,0,1,0
2026-08-26,linkedin_ceo_abm,linkedin,25048,4816,33,2,1,0,0
2026-08-26,meta_broad_v17,meta,48733,34809,401,31,2,0,0
2026-08-26,meta_prospecting_founder,meta,42372,30265,378,4,1,0,0
2026-08-26,meta_retargeting_webinar,meta,9134,6524,80,4,4,2,0
2026-08-27,google_brand_search,google,6852,1427,70,3,2,1,0
2026-08-27,google_nonbrand_growth,google,20501,4271,249,3,1,0,0
2026-08-27,linkedin_ceo_abm,linkedin,27193,5229,36,1,0,1,0
2026-08-27,meta_broad_v17,meta,50468,36048,382,23,2,0,0
2026-08-27,meta_prospecting_founder,meta,37632,26880,306,8,1,1,0
2026-08-27,meta_retargeting_webinar,meta,9253,6609,64,3,2,0,0
2026-08-28,google_brand_search,google,7144,1488,85,4,2,0,0
2026-08-28,google_nonbrand_growth,google,20490,4268,227,3,2,0,0
2026-08-28,linkedin_ceo_abm,linkedin,26227,5043,33,5,0,0,0
2026-08-28,meta_broad_v17,meta,49306,35218,422,20,1,1,0
2026-08-28,meta_prospecting_founder,meta,38962,27830,274,15,3,4,0
2026-08-28,meta_retargeting_webinar,meta,9841,7029,67,3,0,3,0
2026-08-29,google_brand_search,google,7140,1487,66,3,1,0,0
2026-08-29,google_nonbrand_growth,google,18911,3939,177,3,1,1,0
2026-08-29,linkedin_ceo_abm,linkedin,24784,4766,30,2,2,0,1
2026-08-29,meta_broad_v17,meta,45619,32585,399,18,3,0,0
2026-08-29,meta_prospecting_founder,meta,37447,26747,308,3,2,2,0
2026-08-29,meta_retargeting_webinar,meta,9876,7054,72,3,1,0,0
2026-08-30,google_brand_search,google,7368,1535,71,2,3,1,0
2026-08-30,google_nonbrand_growth,google,20348,4239,198,1,1,1,1
2026-08-30,linkedin_ceo_abm,linkedin,24697,4749,26,3,1,0,0
2026-08-30,meta_broad_v17,meta,43933,31380,313,17,1,1,0
2026-08-30,meta_prospecting_founder,meta,38434,27452,280,7,3,1,0
2026-08-30,meta_retargeting_webinar,meta,8777,6269,72,2,2,0,0
2026-08-31,google_brand_search,google,6173,1286,69,3,1,1,0
2026-08-31,google_nonbrand_growth,google,17739,3695,208,2,1,0,0
2026-08-31,linkedin_ceo_abm,linkedin,23475,4514,32,3,1,0,0
2026-08-31,meta_broad_v17,meta,50374,35981,384,26,1,0,1
2026-08-31,meta_prospecting_founder,meta,38399,27427,292,14,2,0,0
2026-08-31,meta_retargeting_webinar,meta,9317,6655,74,4,1,1,0
2026-09-01,google_brand_search,google,7167,1493,81,4,1,1,0
2026-09-01,google_nonbrand_growth,google,20534,4277,250,2,0,1,0
2026-09-01,linkedin_ceo_abm,linkedin,25218,4849,35,6,1,0,0
2026-09-01,meta_broad_v17,meta,47060,33614,344,27,1,0,0
2026-09-01,meta_prospecting_founder,meta,41504,29645,364,13,4,2,0
2026-09-01,meta_retargeting_webinar,meta,8427,6019,60,3,1,1,0
2026-09-02,google_brand_search,google,7432,1548,84,2,2,1,1
2026-09-02,google_nonbrand_growth,google,17657,3678,201,5,0,1,0
2026-09-02,linkedin_ceo_abm,linkedin,25290,4863,32,1,3,1,0
2026-09-02,meta_broad_v17,meta,48406,34575,419,22,2,0,0
2026-09-02,meta_prospecting_founder,meta,38405,27432,282,10,0,1,0
2026-09-02,meta_retargeting_webinar,meta,9987,7133,88,4,1,2,0
2026-09-03,google_brand_search,google,6885,1434,65,3,2,3,0
2026-09-03,google_nonbrand_growth,google,18083,3767,176,3,0,0,0
2026-09-03,linkedin_ceo_abm,linkedin,27935,5372,32,0,1,0,0
2026-09-03,meta_broad_v17,meta,51234,36595,441,18,5,1,0
2026-09-03,meta_prospecting_founder,meta,42667,30476,290,11,1,0,0
2026-09-03,meta_retargeting_webinar,meta,9082,6487,80,0,2,1,0
2026-09-04,google_brand_search,google,6896,1436,71,2,1,0,0
2026-09-04,google_nonbrand_growth,google,18274,3807,172,2,0,0,0
2026-09-04,linkedin_ceo_abm,linkedin,23273,4475,26,1,0,1,1
2026-09-04,meta_broad_v17,meta,51648,36891,427,27,1,1,0
2026-09-04,meta_prospecting_founder,meta,39576,28268,300,10,1,0,0
2026-09-04,meta_retargeting_webinar,meta,8397,5997,57,0,1,0,0
2026-09-05,google_brand_search,google,6972,1452,84,4,1,1,0
2026-09-05,google_nonbrand_growth,google,17785,3705,219,6,2,1,0
2026-09-05,linkedin_ceo_abm,linkedin,23923,4600,28,3,0,1,0
2026-09-05,meta_broad_v17,meta,47368,33834,323,21,1,0,0
2026-09-05,meta_prospecting_founder,meta,41876,29911,351,5,0,2,1
2026-09-05,meta_retargeting_webinar,meta,9184,6560,67,0,1,0,0
2026-09-06,google_brand_search,google,6958,1449,64,2,1,0,0
2026-09-06,google_nonbrand_growth,google,19936,4153,206,2,2,0,1
2026-09-06,linkedin_ceo_abm,linkedin,27056,5203,32,1,0,2,0
2026-09-06,meta_broad_v17,meta,43357,30969,351,11,1,0,0
2026-09-06,meta_prospecting_founder,meta,36679,26199,283,1,1,0,1
2026-09-06,meta_retargeting_webinar,meta,9371,6693,77,0,0,0,0
2026-09-07,google_brand_search,google,6330,1318,66,2,3,0,1
2026-09-07,google_nonbrand_growth,google,20154,4198,200,5,1,2,0
2026-09-07,linkedin_ceo_abm,linkedin,25632,4929,34,4,2,1,0
2026-09-07,meta_broad_v17,meta,44015,31439,335,20,0,0,0
2026-09-07,meta_prospecting_founder,meta,41676,29768,361,9,1,1,0
2026-09-07,meta_retargeting_webinar,meta,8890,6350,75,0,0,1,0
2026-09-08,google_brand_search,google,6812,1419,71,1,2,1,0
2026-09-08,google_nonbrand_growth,google,20245,4217,229,5,0,0,0
2026-09-08,linkedin_ceo_abm,linkedin,24804,4770,27,5,0,0,0
2026-09-08,meta_broad_v17,meta,46341,33100,364,28,3,0,0
2026-09-08,meta_prospecting_founder,meta,40724,29088,318,7,4,0,0
2026-09-08,meta_retargeting_webinar,meta,8584,6131,68,0,0,1,0
2026-09-09,google_brand_search,google,6532,1360,66,2,3,0,0
2026-09-09,google_nonbrand_growth,google,19616,4086,214,4,1,1,1
2026-09-09,linkedin_ceo_abm,linkedin,26467,5089,30,3,1,0,0
2026-09-09,meta_broad_v17,meta,42278,30198,380,17,1,0,0
2026-09-09,meta_prospecting_founder,meta,37090,26492,273,12,0,1,0
2026-09-09,meta_retargeting_webinar,meta,8365,5975,67,0,0,0,0
2026-09-10,google_brand_search,google,7325,1526,73,4,2,1,0
2026-09-10,google_nonbrand_growth,google,19848,4135,195,1,1,0,0
2026-09-10,linkedin_ceo_abm,linkedin,25449,4894,33,3,1,0,0
2026-09-10,meta_broad_v17,meta,48625,34732,407,21,1,1,0
2026-09-10,meta_prospecting_founder,meta,35118,25084,293,10,3,0,0
2026-09-10,meta_retargeting_webinar,meta,9875,7053,87,0,0,0,0
2026-09-11,google_brand_search,google,6933,1444,82,3,1,2,2
2026-09-11,google_nonbrand_growth,google,20005,4167,247,2,2,1,0
2026-09-11,linkedin_ceo_abm,linkedin,25128,4832,35,1,1,0,0
2026-09-11,meta_broad_v17,meta,43477,31055,361,14,2,0,0
2026-09-11,meta_prospecting_founder,meta,40726,29090,359,4,1,0,0
2026-09-11,meta_retargeting_webinar,meta,9183,6559,62,0,0,0,0
2026-09-12,google_brand_search,google,7097,1478,85,1,2,0,1
2026-09-12,google_nonbrand_growth,google,17773,3702,201,3,1,0,0
2026-09-12,linkedin_ceo_abm,linkedin,26946,5181,33,1,2,1,0
2026-09-12,meta_broad_v17,meta,50910,36364,373,10,1,1,0
2026-09-12,meta_prospecting_founder,meta,35129,25092,265,4,1,0,0
2026-09-12,meta_retargeting_webinar,meta,9188,6562,69,0,0,1,0
2026-09-13,google_brand_search,google,6730,1402,72,2,0,1,0
2026-09-13,google_nonbrand_growth,google,19886,4142,220,1,1,0,0
2026-09-13,linkedin_ceo_abm,linkedin,25464,4896,29,0,1,1,0
2026-09-13,meta_broad_v17,meta,48326,34518,412,14,3,0,0
2026-09-13,meta_prospecting_founder,meta,42109,30077,312,9,0,1,0
2026-09-13,meta_retargeting_webinar,meta,9989,7135,78,0,0,0,0
2026-09-14,google_brand_search,google,6815,1419,71,3,1,0,0
2026-09-14,google_nonbrand_growth,google,19898,4145,211,2,0,2,0
2026-09-14,linkedin_ceo_abm,linkedin,23450,4509,26,2,1,0,0
2026-09-14,meta_broad_v17,meta,42859,30613,383,17,1,2,0
2026-09-14,meta_prospecting_founder,meta,41996,29997,371,13,1,1,0
2026-09-14,meta_retargeting_webinar,meta,9884,7060,73,0,0,0,0
2026-09-15,google_brand_search,google,6497,1353,68,1,2,1,0
2026-09-15,google_nonbrand_growth,google,20959,4366,216,1,0,2,0
2026-09-15,linkedin_ceo_abm,linkedin,26941,5180,29,1,0,2,0
2026-09-15,meta_broad_v17,meta,44956,32111,303,24,2,0,0
2026-09-15,meta_prospecting_founder,meta,42509,30363,361,14,1,1,0
2026-09-15,meta_retargeting_webinar,meta,9752,6965,73,2,0,0,0
2026-09-16,google_brand_search,google,6942,1446,79,2,0,0,0
2026-09-16,google_nonbrand_growth,google,18459,3845,217,3,1,0,0
2026-09-16,linkedin_ceo_abm,linkedin,24740,4757,27,0,0,0,1
2026-09-16,meta_broad_v17,meta,42354,30252,357,17,0,1,0
2026-09-16,meta_prospecting_founder,meta,38353,27395,277,8,3,2,0
2026-09-16,meta_retargeting_webinar,meta,8507,6076,75,5,0,0,0
2026-09-17,google_brand_search,google,6337,1320,65,3,3,2,0
2026-09-17,google_nonbrand_growth,google,20155,4198,206,7,0,0,0
2026-09-17,linkedin_ceo_abm,linkedin,26269,5051,37,3,1,0,1
2026-09-17,meta_broad_v17,meta,48845,34889,362,19,0,1,0
2026-09-17,meta_prospecting_founder,meta,35093,25066,257,8,5,0,0
2026-09-17,meta_retargeting_webinar,meta,8425,6017,60,1,0,0,0
2026-09-18,google_brand_search,google,7530,1568,91,4,4,0,3
2026-09-18,google_nonbrand_growth,google,17331,3610,206,5,1,0,3
2026-09-18,linkedin_ceo_abm,linkedin,26238,5045,29,2,1,0,1
2026-09-18,meta_broad_v17,meta,48994,34995,333,13,0,0,0
2026-09-18,meta_prospecting_founder,meta,41314,29509,280,10,1,2,4
2026-09-18,meta_retargeting_webinar,meta,9865,7046,66,3,0,0,2
2026-09-19,google_brand_search,google,7419,1545,81,3,1,1,0
2026-09-19,google_nonbrand_growth,google,18026,3755,210,3,1,0,0
2026-09-19,linkedin_ceo_abm,linkedin,27219,5234,29,0,0,1,0
2026-09-19,meta_broad_v17,meta,48197,34426,388,12,2,0,0
2026-09-19,meta_prospecting_founder,meta,40868,29191,355,7,2,2,0
2026-09-19,meta_retargeting_webinar,meta,9624,6874,81,2,1,0,0
2026-09-20,google_brand_search,google,6830,1422,71,0,2,0,0
2026-09-20,google_nonbrand_growth,google,20464,4263,250,2,2,0,0
2026-09-20,linkedin_ceo_abm,linkedin,27529,5294,33,0,1,1,1
2026-09-20,meta_broad_v17,meta,42315,30224,324,19,3,0,0
2026-09-20,meta_prospecting_founder,meta,42226,30161,352,11,3,2,0
2026-09-20,meta_retargeting_webinar,meta,9486,6775,76,2,2,0,0
2026-09-21,google_brand_search,google,6305,1313,65,3,0,1,0
2026-09-21,google_nonbrand_growth,google,20069,4181,218,3,0,0,0
2026-09-21,linkedin_ceo_abm,linkedin,22954,4414,30,1,0,0,0
2026-09-21,meta_broad_v17,meta,48980,34985,392,19,3,0,0
2026-09-21,meta_prospecting_founder,meta,41648,29748,340,8,3,2,0
2026-09-21,meta_retargeting_webinar,meta,9338,6670,79,1,0,0,0
2026-09-22,google_brand_search,google,6456,1345,74,5,1,1,0
2026-09-22,google_nonbrand_growth,google,18445,3842,202,6,0,1,0
2026-09-22,linkedin_ceo_abm,linkedin,26296,5056,37,2,0,0,0
2026-09-22,meta_broad_v17,meta,44947,32105,344,19,0,1,0
2026-09-22,meta_prospecting_founder,meta,42080,30057,356,15,4,1,0
2026-09-22,meta_retargeting_webinar,meta,9791,6993,87,2,2,0,0
2026-09-23,google_brand_search,google,7514,1565,69,2,1,0,0
2026-09-23,google_nonbrand_growth,google,17332,3610,182,2,2,1,0
2026-09-23,linkedin_ceo_abm,linkedin,27413,5271,37,1,2,0,0
2026-09-23,meta_broad_v17,meta,45039,32170,313,22,2,0,0
2026-09-23,meta_prospecting_founder,meta,42115,30082,323,9,2,0,0
2026-09-23,meta_retargeting_webinar,meta,9824,7017,83,4,1,1,0
2026-09-24,google_brand_search,google,7321,1525,76,7,0,1,0
2026-09-24,google_nonbrand_growth,google,18252,3802,189,4,2,0,0
2026-09-24,linkedin_ceo_abm,linkedin,26420,5080,36,5,0,1,0
2026-09-24,meta_broad_v17,meta,48103,34359,434,15,2,0,1
2026-09-24,meta_prospecting_founder,meta,34867,24905,273,11,3,1,0
2026-09-24,meta_retargeting_webinar,meta,8881,6343,61,2,0,0,0
2026-09-25,google_brand_search,google,6998,1457,81,2,3,0,0
2026-09-25,google_nonbrand_growth,google,19871,4139,207,1,0,1,0
2026-09-25,linkedin_ceo_abm,linkedin,23234,4468,30,3,2,0,0
2026-09-25,meta_broad_v17,meta,43955,31396,323,11,1,0,0
2026-09-25,meta_prospecting_founder,meta,40533,28952,304,6,0,0,0
2026-09-25,meta_retargeting_webinar,meta,8808,6291,79,3,1,0,0
